# Explicit adjudication for prerequisite clauses unsupported by this dataset.
Reviewed - Abundant Adrenaline	CATEGORY:Spheres Feat Adjudication	COST:0	DESC:Manual prerequisite approval only; does not grant the feat or its effects. Verify: Construct type or subtype
Reviewed - Addictive Power	CATEGORY:Spheres Feat Adjudication	COST:0	DESC:Manual prerequisite approval only; does not grant the feat or its effects. Verify: Addictive Casting drawback
Reviewed - Admixture Efficiency	CATEGORY:Spheres Feat Adjudication	COST:0	DESC:Manual prerequisite approval only; does not grant the feat or its effects. Verify: any Admixture feat; MSB +7
Reviewed - Adopt Animal Ally	CATEGORY:Spheres Feat Adjudication	COST:0	DESC:Manual prerequisite approval only; does not grant the feat or its effects. Verify: Beastmastery sphere [handle animal] package; an animal or vermin companion
Reviewed - Adrenaline-Fueled Frenzy	CATEGORY:Spheres Feat Adjudication	COST:0	DESC:Manual prerequisite approval only; does not grant the feat or its effects. Verify: Berserker sphere [any [adrenaline] talent]
Reviewed - Advanced Circles	CATEGORY:Spheres Feat Adjudication	COST:0	DESC:Manual prerequisite approval only; does not grant the feat or its effects. Verify: Conjuration sphere [Diagram]
Reviewed - Aeolian Flautist	CATEGORY:Spheres Feat Adjudication	COST:0	DESC:Manual prerequisite approval only; does not grant the feat or its effects. Verify: Bardic performance or raging song class feature
Reviewed - Aerial Trip	CATEGORY:Spheres Feat Adjudication	COST:0	DESC:Manual prerequisite approval only; does not grant the feat or its effects. Verify: Improved Trip or a combat talent that allows you to perform a trip without provoking an attack of opportunity
Reviewed - Agonizing Defiling	CATEGORY:Spheres Feat Adjudication	COST:0	DESC:Manual prerequisite approval only; does not grant the feat or its effects. Verify: Terrain Casting drawback; non-good alignment
Reviewed - Airborne Aethermancer	CATEGORY:Spheres Feat Adjudication	COST:0	DESC:Manual prerequisite approval only; does not grant the feat or its effects. Verify: Draconic subtype; breezeflight
Reviewed - Aligned Attacks	CATEGORY:Spheres Feat Adjudication	COST:0	DESC:Manual prerequisite approval only; does not grant the feat or its effects. Verify: Non-neutral alignment
Reviewed - All Together Now	CATEGORY:Spheres Feat Adjudication	COST:0	DESC:Manual prerequisite approval only; does not grant the feat or its effects. Verify: Communication sphere
Reviewed - Alraun Nose	CATEGORY:Spheres Feat Adjudication	COST:0	DESC:Manual prerequisite approval only; does not grant the feat or its effects. Verify: Plant subtype; blood sense racial trait
Reviewed - Amateur Striker	CATEGORY:Spheres Feat Adjudication	COST:0	DESC:Manual prerequisite approval only; does not grant the feat or its effects. Verify: No levels in a class that has the tension class feature
Reviewed - Amplifying Adjustment	CATEGORY:Spheres Feat Adjudication	COST:0	DESC:Manual prerequisite approval only; does not grant the feat or its effects. Verify: Mana sphere [any [amp] talent]; Spellhacking sphere
Reviewed - Anathema	CATEGORY:Spheres Feat Adjudication	COST:0	DESC:Manual prerequisite approval only; does not grant the feat or its effects. Verify: Channel positive energy class feature, fervor, or lay on hands class feature
Reviewed - Animate Tornado	CATEGORY:Spheres Feat Adjudication	COST:0	DESC:Manual prerequisite approval only; does not grant the feat or its effects. Verify: Weather sphere [Tornado Lord, Wind Lord]
Reviewed - Animist	CATEGORY:Spheres Feat Adjudication	COST:0	DESC:Manual prerequisite approval only; does not grant the feat or its effects. Verify: Survivalism sphere
Reviewed - Arcane Carnage	CATEGORY:Spheres Feat Adjudication	COST:0	DESC:Manual prerequisite approval only; does not grant the feat or its effects. Verify: any talent with the strike descriptor
Reviewed - Arcane Combo	CATEGORY:Spheres Feat Adjudication	COST:0	DESC:Manual prerequisite approval only; does not grant the feat or its effects. Verify: Caster level 1st or higher with at least two casting traditions
Reviewed - Arcane Empowerment	CATEGORY:Spheres Feat Adjudication	COST:0	DESC:Manual prerequisite approval only; does not grant the feat or its effects. Verify: Spell pool; the ability to cast arcane, divine, or psychic spells
Reviewed - Arcane Fetters	CATEGORY:Spheres Feat Adjudication	COST:0	DESC:Manual prerequisite approval only; does not grant the feat or its effects. Verify: Creation Sphere [Restrictive Casting]
Reviewed - Arcane Fusion	CATEGORY:Spheres Feat Adjudication	COST:0	DESC:Manual prerequisite approval only; does not grant the feat or its effects. Verify: Caster level 1st or higher with at least two casting traditions; able to create the same effect using multiple casting traditions
Reviewed - Area Bypass	CATEGORY:Spheres Feat Adjudication	COST:0	DESC:Manual prerequisite approval only; does not grant the feat or its effects. Verify: War Sphere [any momentum talent]
Reviewed - Armored Casting	CATEGORY:Spheres Feat Adjudication	COST:0	DESC:Manual prerequisite approval only; does not grant the feat or its effects. Verify: Light Armor Proficiency
Reviewed - Armored Flight	CATEGORY:Spheres Feat Adjudication	COST:0	DESC:Manual prerequisite approval only; does not grant the feat or its effects. Verify: Fenghaung subtype; fly speed
Reviewed - Armorist Training	CATEGORY:Spheres Feat Adjudication	COST:0	DESC:Manual prerequisite approval only; does not grant the feat or its effects. Verify: One or more of the following class features: arcane pool; divine bond; sacred armor; sacred weapon
Reviewed - Armorist Trick	CATEGORY:Spheres Feat Adjudication	COST:0	DESC:Manual prerequisite approval only; does not grant the feat or its effects. Verify: One or more of the following class features: arcane pool; divine bond; sacred armor; sacred weapon
Reviewed - Arrow of Inspiration	CATEGORY:Spheres Feat Adjudication	COST:0	DESC:Manual prerequisite approval only; does not grant the feat or its effects. Verify: ability to smite creatures [such as through smite evil or smite good]; class feature that creates a continual aura [such as aura of courage or aura of fear]
Reviewed - Artificer’s Healing	CATEGORY:Spheres Feat Adjudication	COST:0	DESC:Manual prerequisite approval only; does not grant the feat or its effects. Verify: Life sphere [Esoteric Healing] or Technomancy sphere
Reviewed - Artificery	CATEGORY:Spheres Feat Adjudication	COST:0	DESC:Manual prerequisite approval only; does not grant the feat or its effects. Verify: Any Craft or Profession 5 ranks
Reviewed - Ascendant Avenger	CATEGORY:Spheres Feat Adjudication	COST:0	DESC:Manual prerequisite approval only; does not grant the feat or its effects. Verify: Bonded Casting
Reviewed - At-Will Powers	CATEGORY:Spheres Feat Adjudication	COST:0	DESC:Manual prerequisite approval only; does not grant the feat or its effects. Verify: Charged Spells drawback
Reviewed - Attuned Dreamer	CATEGORY:Spheres Feat Adjudication	COST:0	DESC:Manual prerequisite approval only; does not grant the feat or its effects. Verify: either Dreamwalking Initiate or dreamwalker hedgewitch path power
Reviewed - Augmented Modulation	CATEGORY:Spheres Feat Adjudication	COST:0	DESC:Manual prerequisite approval only; does not grant the feat or its effects. Verify: Mental Focus drawback; Enhancement or Protection Sphere
Reviewed - Augmented Wit	CATEGORY:Spheres Feat Adjudication	COST:0	DESC:Manual prerequisite approval only; does not grant the feat or its effects. Verify: Casting class feature or ability to gain martial focus
Reviewed - Aura Engineering	CATEGORY:Spheres Feat Adjudication	COST:0	DESC:Manual prerequisite approval only; does not grant the feat or its effects. Verify: Illusion sphere [Deceive Dweomer, Manipulate Aura [sensory, magic]]
Reviewed - Authentic Conviction	CATEGORY:Spheres Feat Adjudication	COST:0	DESC:Manual prerequisite approval only; does not grant the feat or its effects. Verify: Communication Sphere
Reviewed - Awesome Transformation	CATEGORY:Spheres Feat Adjudication	COST:0	DESC:Manual prerequisite approval only; does not grant the feat or its effects. Verify: ability to use boasts
Reviewed - Backdoor Arcana	CATEGORY:Spheres Feat Adjudication	COST:0	DESC:Manual prerequisite approval only; does not grant the feat or its effects. Verify: Incompatible Energies drawback
Reviewed - Balatro’s Boons	CATEGORY:Spheres Feat Adjudication	COST:0	DESC:Manual prerequisite approval only; does not grant the feat or its effects. Verify: Catastrophic Failure drawback; Huckster’s Gamble feat
Reviewed - Baleful Storm	CATEGORY:Spheres Feat Adjudication	COST:0	DESC:Manual prerequisite approval only; does not grant the feat or its effects. Verify: Weather sphere [Rain Lord]
Reviewed - Bard of Booze	CATEGORY:Spheres Feat Adjudication	COST:0	DESC:Manual prerequisite approval only; does not grant the feat or its effects. Verify: Barroom sphere and Performance sphere
Reviewed - Battle Fanfare	CATEGORY:Spheres Feat Adjudication	COST:0	DESC:Manual prerequisite approval only; does not grant the feat or its effects. Verify: bardic performance or raging song class feature
Reviewed - Battlebard	CATEGORY:Spheres Feat Adjudication	COST:0	DESC:Manual prerequisite approval only; does not grant the feat or its effects. Verify: Performance sphere; ability to maintain martial focus
Reviewed - Battlecry	CATEGORY:Spheres Feat Adjudication	COST:0	DESC:Manual prerequisite approval only; does not grant the feat or its effects. Verify: Verbal Casting drawback
Reviewed - Battlefield Tactics	CATEGORY:Spheres Feat Adjudication	COST:0	DESC:Manual prerequisite approval only; does not grant the feat or its effects. Verify: War sphere, Squadron Commander; or Warleader sphere, Troop Commander
Reviewed - Beckon And Pspsps	CATEGORY:Spheres Feat Adjudication	COST:0	DESC:Manual prerequisite approval only; does not grant the feat or its effects. Verify: Maker’s call class feature, phantom recall class feature, or other similar ability; spherecasting
Reviewed - Beholden to the Uncanny	CATEGORY:Spheres Feat Adjudication	COST:0	DESC:Manual prerequisite approval only; does not grant the feat or its effects. Verify: Unsettling Casting
Reviewed - Biochemical Brews	CATEGORY:Spheres Feat Adjudication	COST:0	DESC:Manual prerequisite approval only; does not grant the feat or its effects. Verify: Alchemy sphere [[toxin] package]]; either the Barroom sphere or Nature sphere
Reviewed - Blessing/Blight Mastery	CATEGORY:Spheres Feat Adjudication	COST:0	DESC:Manual prerequisite approval only; does not grant the feat or its effects. Verify: Blessing/blight class feature; channel energy class feature
Reviewed - Blessing/Blight Versatility	CATEGORY:Spheres Feat Adjudication	COST:0	DESC:Manual prerequisite approval only; does not grant the feat or its effects. Verify: Versatile Channeler; blessing/blight class feature; channel energy class feature
Reviewed - Blood Construct Mastery	CATEGORY:Spheres Feat Adjudication	COST:0	DESC:Manual prerequisite approval only; does not grant the feat or its effects. Verify: Blood sphere caster level 5th
Reviewed - Blood Potion	CATEGORY:Spheres Feat Adjudication	COST:0	DESC:Manual prerequisite approval only; does not grant the feat or its effects. Verify: Brew Potion or the Alchemy sphere [formulae] package
Reviewed - Blood Thirst	CATEGORY:Spheres Feat Adjudication	COST:0	DESC:Manual prerequisite approval only; does not grant the feat or its effects. Verify: bite attack
Reviewed - Bloody Savage	CATEGORY:Spheres Feat Adjudication	COST:0	DESC:Manual prerequisite approval only; does not grant the feat or its effects. Verify: Vampiric Casting drawback
Reviewed - Blurred Boundary	CATEGORY:Spheres Feat Adjudication	COST:0	DESC:Manual prerequisite approval only; does not grant the feat or its effects. Verify: Illusion sphere [any [glamer] talent]
Reviewed - Body Double	CATEGORY:Spheres Feat Adjudication	COST:0	DESC:Manual prerequisite approval only; does not grant the feat or its effects. Verify: ability to create glamers
Reviewed - Bonded Alliance	CATEGORY:Spheres Feat Adjudication	COST:0	DESC:Manual prerequisite approval only; does not grant the feat or its effects. Verify: Bonded Casting
Reviewed - Bottled Salvage	CATEGORY:Spheres Feat Adjudication	COST:0	DESC:Manual prerequisite approval only; does not grant the feat or its effects. Verify: Vampiric Casting drawback
Reviewed - Bottled Spells	CATEGORY:Spheres Feat Adjudication	COST:0	DESC:Manual prerequisite approval only; does not grant the feat or its effects. Verify: Charged Spells
Reviewed - Broken Earth	CATEGORY:Spheres Feat Adjudication	COST:0	DESC:Manual prerequisite approval only; does not grant the feat or its effects. Verify: Terrain Casting drawback
Reviewed - Bruinous Temper	CATEGORY:Spheres Feat Adjudication	COST:0	DESC:Manual prerequisite approval only; does not grant the feat or its effects. Verify: Bear sphere caster level 5th
Reviewed - Buffeting Blast	CATEGORY:Spheres Feat Adjudication	COST:0	DESC:Manual prerequisite approval only; does not grant the feat or its effects. Verify: ability to gain martial focus
Reviewed - Buffeting Channel	CATEGORY:Spheres Feat Adjudication	COST:0	DESC:Manual prerequisite approval only; does not grant the feat or its effects. Verify: Channel Energy
Reviewed - Building Performance	CATEGORY:Spheres Feat Adjudication	COST:0	DESC:Manual prerequisite approval only; does not grant the feat or its effects. Verify: Performance sphere; tension pool
Reviewed - Burn My Body	CATEGORY:Spheres Feat Adjudication	COST:0	DESC:Manual prerequisite approval only; does not grant the feat or its effects. Verify: Addictive Casting drawback or Decrepit Casting drawback
Reviewed - Burst of Concentration	CATEGORY:Spheres Feat Adjudication	COST:0	DESC:Manual prerequisite approval only; does not grant the feat or its effects. Verify: Mental Focus
Reviewed - Calculated Shot	CATEGORY:Spheres Feat Adjudication	COST:0	DESC:Manual prerequisite approval only; does not grant the feat or its effects. Verify: Focused Shot
Reviewed - Capoeirista	CATEGORY:Spheres Feat Adjudication	COST:0	DESC:Manual prerequisite approval only; does not grant the feat or its effects. Verify: Performance sphere [[dance] package]
Reviewed - Careful Magic	CATEGORY:Spheres Feat Adjudication	COST:0	DESC:Manual prerequisite approval only; does not grant the feat or its effects. Verify: Extended Casting drawback
Reviewed - Catisthenics	CATEGORY:Spheres Feat Adjudication	COST:0	DESC:Manual prerequisite approval only; does not grant the feat or its effects. Verify: 1 rank in any Strength- or Dexterity-based skill
Reviewed - Catty Observer	CATEGORY:Spheres Feat Adjudication	COST:0	DESC:Manual prerequisite approval only; does not grant the feat or its effects. Verify: Life sphere [Diagnose] or Protection sphere [Status]
Reviewed - Cauldron of Venom	CATEGORY:Spheres Feat Adjudication	COST:0	DESC:Manual prerequisite approval only; does not grant the feat or its effects. Verify: poison eater alraun
Reviewed - Cautious Incantation	CATEGORY:Spheres Feat Adjudication	COST:0	DESC:Manual prerequisite approval only; does not grant the feat or its effects. Verify: 3 ranks in any 1 skill
Reviewed - Cecaelia Burst	CATEGORY:Spheres Feat Adjudication	COST:0	DESC:Manual prerequisite approval only; does not grant the feat or its effects. Verify: Cecaelia subtype
Reviewed - Channel Destruction	CATEGORY:Spheres Feat Adjudication	COST:0	DESC:Manual prerequisite approval only; does not grant the feat or its effects. Verify: channel energy class feature
Reviewed - Channel Life	CATEGORY:Spheres Feat Adjudication	COST:0	DESC:Manual prerequisite approval only; does not grant the feat or its effects. Verify: channel energy class feature
Reviewed - Channel Luck	CATEGORY:Spheres Feat Adjudication	COST:0	DESC:Manual prerequisite approval only; does not grant the feat or its effects. Verify: Channel energy
Reviewed - Channel Resolve	CATEGORY:Spheres Feat Adjudication	COST:0	DESC:Manual prerequisite approval only; does not grant the feat or its effects. Verify: Channel energy class feature
Reviewed - Channeled Detonation	CATEGORY:Spheres Feat Adjudication	COST:0	DESC:Manual prerequisite approval only; does not grant the feat or its effects. Verify: ability to channel negative energy
Reviewed - Chaotic Counter	CATEGORY:Spheres Feat Adjudication	COST:0	DESC:Manual prerequisite approval only; does not grant the feat or its effects. Verify: Counterspell or the ability to cast dispel magic
Reviewed - Charged Despoilation	CATEGORY:Spheres Feat Adjudication	COST:0	DESC:Manual prerequisite approval only; does not grant the feat or its effects. Verify: Charged Spells drawback; Terrain Casting drawback
Reviewed - Cherufe Chomp	CATEGORY:Spheres Feat Adjudication	COST:0	DESC:Manual prerequisite approval only; does not grant the feat or its effects. Verify: Cherufe [zavr subtype]
Reviewed - Cherufe Sweep	CATEGORY:Spheres Feat Adjudication	COST:0	DESC:Manual prerequisite approval only; does not grant the feat or its effects. Verify: Tail natural attack
Reviewed - Clarity of Fortified Mind	CATEGORY:Spheres Feat Adjudication	COST:0	DESC:Manual prerequisite approval only; does not grant the feat or its effects. Verify: Unsettling Casting; at least two magic spheres
Reviewed - Climbing Claws	CATEGORY:Spheres Feat Adjudication	COST:0	DESC:Manual prerequisite approval only; does not grant the feat or its effects. Verify: Tatulani subtype; secondary arms racial trait; claws racial trait
Reviewed - Close Formation	CATEGORY:Spheres Feat Adjudication	COST:0	DESC:Manual prerequisite approval only; does not grant the feat or its effects. Verify: War sphere, Squadron Commander; or Warleader sphere, Troop Commander
Reviewed - Close-Quarters Conduction	CATEGORY:Spheres Feat Adjudication	COST:0	DESC:Manual prerequisite approval only; does not grant the feat or its effects. Verify: Destruction Sphere [at least one [blast type] talent that deals electricity damage]
Reviewed - Coastal Infusion	CATEGORY:Spheres Feat Adjudication	COST:0	DESC:Manual prerequisite approval only; does not grant the feat or its effects. Verify: Nature sphere [[earth] package and [water] package]
Reviewed - Coaxing Spell	CATEGORY:Spheres Feat Adjudication	COST:0	DESC:Manual prerequisite approval only; does not grant the feat or its effects. Verify: Knowledge [Dungeoneering] 6 ranks; Sphere Focus [Mind]
Reviewed - Collective Intensity	CATEGORY:Spheres Feat Adjudication	COST:0	DESC:Manual prerequisite approval only; does not grant the feat or its effects. Verify: tension pool, Communication Sphere, Posse Commander; War sphere, Squadron Commander; or Warleader sphere, Troop Commander
Reviewed - Color Guard	CATEGORY:Spheres Feat Adjudication	COST:0	DESC:Manual prerequisite approval only; does not grant the feat or its effects. Verify: Banner class feature
Reviewed - Combat Recharge	CATEGORY:Spheres Feat Adjudication	COST:0	DESC:Manual prerequisite approval only; does not grant the feat or its effects. Verify: Charged Spells [drawback]
Reviewed - Combatant Caster	CATEGORY:Spheres Feat Adjudication	COST:0	DESC:Manual prerequisite approval only; does not grant the feat or its effects. Verify: Galvanized
Reviewed - Combatant’s Alignment	CATEGORY:Spheres Feat Adjudication	COST:0	DESC:Manual prerequisite approval only; does not grant the feat or its effects. Verify: Essence sphere [Parallel Alignment [potent]]; ability to gain martial focus
Reviewed - Commander’s Acumen	CATEGORY:Spheres Feat Adjudication	COST:0	DESC:Manual prerequisite approval only; does not grant the feat or its effects. Verify: tactician class feature
Reviewed - Commanding Presence	CATEGORY:Spheres Feat Adjudication	COST:0	DESC:Manual prerequisite approval only; does not grant the feat or its effects. Verify: 3rd level
Reviewed - Companion Merger	CATEGORY:Spheres Feat Adjudication	COST:0	DESC:Manual prerequisite approval only; does not grant the feat or its effects. Verify: animal companion or familiar
Reviewed - Companion Trigger	CATEGORY:Spheres Feat Adjudication	COST:0	DESC:Manual prerequisite approval only; does not grant the feat or its effects. Verify: Animal Companion class feature, Mount class feature, or Beastmastery sphere
Reviewed - Companionship	CATEGORY:Spheres Feat Adjudication	COST:0	DESC:Manual prerequisite approval only; does not grant the feat or its effects. Verify: 3rd-level paladin
Reviewed - Complex Harmony	CATEGORY:Spheres Feat Adjudication	COST:0	DESC:Manual prerequisite approval only; does not grant the feat or its effects. Verify: Bardic performance class feature
Reviewed - Compound Mutagen	CATEGORY:Spheres Feat Adjudication	COST:0	DESC:Manual prerequisite approval only; does not grant the feat or its effects. Verify: Craft [alchemy] 10 ranks; Alchemy sphere [[toxin] package].
Reviewed - Contingency Tampering	CATEGORY:Spheres Feat Adjudication	COST:0	DESC:Manual prerequisite approval only; does not grant the feat or its effects. Verify: Enhanced Contingency [see Enhancement feats]
Reviewed - Contingency Spread	CATEGORY:Spheres Feat Adjudication	COST:0	DESC:Manual prerequisite approval only; does not grant the feat or its effects. Verify: any [mass] talent
Reviewed - Cooperating	CATEGORY:Spheres Feat Adjudication	COST:0	DESC:Manual prerequisite approval only; does not grant the feat or its effects. Verify: Any one teamwork feat
Reviewed - Cooperative Mind	CATEGORY:Spheres Feat Adjudication	COST:0	DESC:Manual prerequisite approval only; does not grant the feat or its effects. Verify: Must have been subject to the Fusion advanced talent
Reviewed - Coordinated Combo	CATEGORY:Spheres Feat Adjudication	COST:0	DESC:Manual prerequisite approval only; does not grant the feat or its effects. Verify: Bonded Casting; sequence or tension class feature
Reviewed - Coordinated Plot	CATEGORY:Spheres Feat Adjudication	COST:0	DESC:Manual prerequisite approval only; does not grant the feat or its effects. Verify: Communication sphere
Reviewed - Coronal Shroud	CATEGORY:Spheres Feat Adjudication	COST:0	DESC:Manual prerequisite approval only; does not grant the feat or its effects. Verify: Weather sphere [at least one [mantle] or [shroud] talent]
Reviewed - Corrupted Form	CATEGORY:Spheres Feat Adjudication	COST:0	DESC:Manual prerequisite approval only; does not grant the feat or its effects. Verify: Addictive Casting drawback or Unsettling Casting drawback
Reviewed - Cosmologist	CATEGORY:Spheres Feat Adjudication	COST:0	DESC:Manual prerequisite approval only; does not grant the feat or its effects. Verify: Knowledge [planes] 15 ranks; Warp sphere [Create Demiplane, Extradimensional Room [space]]
Reviewed - Craft Ooze	CATEGORY:Spheres Feat Adjudication	COST:0	DESC:Manual prerequisite approval only; does not grant the feat or its effects. Verify: Craft [alchemy] 3 ranks
Reviewed - Craft Stimulant	CATEGORY:Spheres Feat Adjudication	COST:0	DESC:Manual prerequisite approval only; does not grant the feat or its effects. Verify: Caster or manifester level 5th
Reviewed - Creation Mastery	CATEGORY:Spheres Feat Adjudication	COST:0	DESC:Manual prerequisite approval only; does not grant the feat or its effects. Verify: Creation sphere [any [material] talent]
Reviewed - Crescendo	CATEGORY:Spheres Feat Adjudication	COST:0	DESC:Manual prerequisite approval only; does not grant the feat or its effects. Verify: bardic performance or raging song class feature
Reviewed - Crimson Cabaret	CATEGORY:Spheres Feat Adjudication	COST:0	DESC:Manual prerequisite approval only; does not grant the feat or its effects. Verify: Performance Sphere; Vitae class feature
Reviewed - Crossform Admixture	CATEGORY:Spheres Feat Adjudication	COST:0	DESC:Manual prerequisite approval only; does not grant the feat or its effects. Verify: caster level 1st or higher with at least two casting traditions
Reviewed - Cuazaj Breath	CATEGORY:Spheres Feat Adjudication	COST:0	DESC:Manual prerequisite approval only; does not grant the feat or its effects. Verify: Draconic subtype; cuazaj lightning racial trait
Reviewed - Cuazaj Breath Expanded	CATEGORY:Spheres Feat Adjudication	COST:0	DESC:Manual prerequisite approval only; does not grant the feat or its effects. Verify: Draconic subtype; cuazaj lightning racial trait
Reviewed - Cultivate Ki	CATEGORY:Spheres Feat Adjudication	COST:0	DESC:Manual prerequisite approval only; does not grant the feat or its effects. Verify: martial focus
Reviewed - Cumulative Nimbus	CATEGORY:Spheres Feat Adjudication	COST:0	DESC:Manual prerequisite approval only; does not grant the feat or its effects. Verify: Weather sphere [any [shroud] talent]
Reviewed - Curse Mastery	CATEGORY:Spheres Feat Adjudication	COST:0	DESC:Manual prerequisite approval only; does not grant the feat or its effects. Verify: Innate Curse
Reviewed - Customized Bond	CATEGORY:Spheres Feat Adjudication	COST:0	DESC:Manual prerequisite approval only; does not grant the feat or its effects. Verify: Bound equipment class feature; customized weapons class feature
Reviewed - Damning Darkness	CATEGORY:Spheres Feat Adjudication	COST:0	DESC:Manual prerequisite approval only; does not grant the feat or its effects. Verify: evil alignment
Reviewed - Dastardly Entrapment	CATEGORY:Spheres Feat Adjudication	COST:0	DESC:Manual prerequisite approval only; does not grant the feat or its effects. Verify: Infiltration sphere
Reviewed - Deadcaller	CATEGORY:Spheres Feat Adjudication	COST:0	DESC:Manual prerequisite approval only; does not grant the feat or its effects. Verify: Conjuration sphere [Undead Creature [type] x2]
Reviewed - Debasing Exultation	CATEGORY:Spheres Feat Adjudication	COST:0	DESC:Manual prerequisite approval only; does not grant the feat or its effects. Verify: Unsettling Casting
Reviewed - Deduction	CATEGORY:Spheres Feat Adjudication	COST:0	DESC:Manual prerequisite approval only; does not grant the feat or its effects. Verify: studied combat class feature
Reviewed - Defender’s Bonds	CATEGORY:Spheres Feat Adjudication	COST:0	DESC:Manual prerequisite approval only; does not grant the feat or its effects. Verify: lay on hands or sentinel’s reserve class feature
Reviewed - Defiler’s Channel	CATEGORY:Spheres Feat Adjudication	COST:0	DESC:Manual prerequisite approval only; does not grant the feat or its effects. Verify: Terrain Casting drawback; channel energy 3d6
Reviewed - Defy Fate	CATEGORY:Spheres Feat Adjudication	COST:0	DESC:Manual prerequisite approval only; does not grant the feat or its effects. Verify: Kismet pool
Reviewed - Designer Drugs	CATEGORY:Spheres Feat Adjudication	COST:0	DESC:Manual prerequisite approval only; does not grant the feat or its effects. Verify: Craft [alchemy] 7 ranks
Reviewed - Destiny Reader	CATEGORY:Spheres Feat Adjudication	COST:0	DESC:Manual prerequisite approval only; does not grant the feat or its effects. Verify: Divination Sphere [augury or divine future]
Reviewed - Destructive Counter	CATEGORY:Spheres Feat Adjudication	COST:0	DESC:Manual prerequisite approval only; does not grant the feat or its effects. Verify: Creation sphere [any [material] talent]
Reviewed - Devourer	CATEGORY:Spheres Feat Adjudication	COST:0	DESC:Manual prerequisite approval only; does not grant the feat or its effects. Verify: Alteration sphere [Serpentine Transformation [transformation]] or swallow whole ability
Reviewed - Devouring Defiling	CATEGORY:Spheres Feat Adjudication	COST:0	DESC:Manual prerequisite approval only; does not grant the feat or its effects. Verify: Terrain Casting drawback, one of Agonizing Defiling, Ruinous Defiling, or Spellburn Defiling
Reviewed - Dimensional Archer	CATEGORY:Spheres Feat Adjudication	COST:0	DESC:Manual prerequisite approval only; does not grant the feat or its effects. Verify: +3 base attack bonus
Reviewed - Dimensional Tether	CATEGORY:Spheres Feat Adjudication	COST:0	DESC:Manual prerequisite approval only; does not grant the feat or its effects. Verify: Destruction Sphere [energy tether] or Mana Sphere [hardened bond]
Reviewed - Directed Instillation	CATEGORY:Spheres Feat Adjudication	COST:0	DESC:Manual prerequisite approval only; does not grant the feat or its effects. Verify: Any [instill] talent
Reviewed - Disabling Dastard	CATEGORY:Spheres Feat Adjudication	COST:0	DESC:Manual prerequisite approval only; does not grant the feat or its effects. Verify: Infiltration sphere; Tinker sphere [Disruption Set [gizmo]] or Counterspell
Reviewed - Disarming Transformation	CATEGORY:Spheres Feat Adjudication	COST:0	DESC:Manual prerequisite approval only; does not grant the feat or its effects. Verify: Alteration sphere [Transform Object]
Reviewed - Disciplined Casting	CATEGORY:Spheres Feat Adjudication	COST:0	DESC:Manual prerequisite approval only; does not grant the feat or its effects. Verify: casting
Reviewed - Distant Defiling	CATEGORY:Spheres Feat Adjudication	COST:0	DESC:Manual prerequisite approval only; does not grant the feat or its effects. Verify: Terrain Casting drawback
Reviewed - Distributed Strain	CATEGORY:Spheres Feat Adjudication	COST:0	DESC:Manual prerequisite approval only; does not grant the feat or its effects. Verify: War sphere, Squadron Commander; or Warleader sphere, Hive Mind, Troop Commander: caster level 5th or 5 ranks in Diplomacy
Reviewed - Doublespeak	CATEGORY:Spheres Feat Adjudication	COST:0	DESC:Manual prerequisite approval only; does not grant the feat or its effects. Verify: Fate sphere [Echoing Word [mass]], Mind sphere; or Fate sphere, Mind sphere [Mass Charm [mass]]
Reviewed - Dragon’s Tattoos	CATEGORY:Spheres Feat Adjudication	COST:0	DESC:Manual prerequisite approval only; does not grant the feat or its effects. Verify: Craft [tattoos] 5 ranks
Reviewed - Dramatic Intensity	CATEGORY:Spheres Feat Adjudication	COST:0	DESC:Manual prerequisite approval only; does not grant the feat or its effects. Verify: tension pool, one of a grit, luck, or panache pool
Reviewed - Dramaturgic Spectacle	CATEGORY:Spheres Feat Adjudication	COST:0	DESC:Manual prerequisite approval only; does not grant the feat or its effects. Verify: Performance Sphere [act package]
Reviewed - Dream Team	CATEGORY:Spheres Feat Adjudication	COST:0	DESC:Manual prerequisite approval only; does not grant the feat or its effects. Verify: Faction Sphere
Reviewed - Dual Wielding Mystic Fusion	CATEGORY:Spheres Feat Adjudication	COST:0	DESC:Manual prerequisite approval only; does not grant the feat or its effects. Verify: Spherecasting
Reviewed - Dynamic Wallcrafter	CATEGORY:Spheres Feat Adjudication	COST:0	DESC:Manual prerequisite approval only; does not grant the feat or its effects. Verify: Destruction Sphere [energy wall] or Protection Sphere [greater barrier]
Reviewed - Eldritch Exultation	CATEGORY:Spheres Feat Adjudication	COST:0	DESC:Manual prerequisite approval only; does not grant the feat or its effects. Verify: ability to cast arcane or psychic spells
Reviewed - Eldritch Supplies	CATEGORY:Spheres Feat Adjudication	COST:0	DESC:Manual prerequisite approval only; does not grant the feat or its effects. Verify: Faction sphere
Reviewed - Elemental Blood	CATEGORY:Spheres Feat Adjudication	COST:0	DESC:Manual prerequisite approval only; does not grant the feat or its effects. Verify: Blood sphere; ability to cast any sphere effect, spell, or spell-like ability with the acid, cold, electricity, or fire descriptor
Reviewed - Elemental Heart	CATEGORY:Spheres Feat Adjudication	COST:0	DESC:Manual prerequisite approval only; does not grant the feat or its effects. Verify: Fenghaung subtype; energy resistance
Reviewed - Elemental Might	CATEGORY:Spheres Feat Adjudication	COST:0	DESC:Manual prerequisite approval only; does not grant the feat or its effects. Verify: Ability to maintain martial focus
Reviewed - Elemental Rebirth	CATEGORY:Spheres Feat Adjudication	COST:0	DESC:Manual prerequisite approval only; does not grant the feat or its effects. Verify: Fenghaung subtype; energy resistance
Reviewed - Elemental Rift	CATEGORY:Spheres Feat Adjudication	COST:0	DESC:Manual prerequisite approval only; does not grant the feat or its effects. Verify: Destruction sphere [any one [blast type] talent]; Survivalism sphere [[dredge] package, Hazardous Terrain]
Reviewed - Elemental Touch	CATEGORY:Spheres Feat Adjudication	COST:0	DESC:Manual prerequisite approval only; does not grant the feat or its effects. Verify: Fenghaung subtype; energy resistance
Reviewed - Elicit Strike	CATEGORY:Spheres Feat Adjudication	COST:0	DESC:Manual prerequisite approval only; does not grant the feat or its effects. Verify: Emotion class feature
Reviewed - Embraced By Kindred	CATEGORY:Spheres Feat Adjudication	COST:0	DESC:Manual prerequisite approval only; does not grant the feat or its effects. Verify: Outsider with the native subtype; alignment matching either an extraplanar ancestor or a patron
Reviewed - Emergency Repair	CATEGORY:Spheres Feat Adjudication	COST:0	DESC:Manual prerequisite approval only; does not grant the feat or its effects. Verify: Technological racial trait
Reviewed - Emulation Expert	CATEGORY:Spheres Feat Adjudication	COST:0	DESC:Manual prerequisite approval only; does not grant the feat or its effects. Verify: Illusion sphere [Shadow Infusion] or shadow pool; Shadow Magic or create reality class feature
Reviewed - Enchanting Performance	CATEGORY:Spheres Feat Adjudication	COST:0	DESC:Manual prerequisite approval only; does not grant the feat or its effects. Verify: Fallen Fey sphere [Beckoning Call [fey-blessing] or Enchanting Music [fey-blessing]]; bardic performance or raging song class feature
Reviewed - Encompassing Illness	CATEGORY:Spheres Feat Adjudication	COST:0	DESC:Manual prerequisite approval only; does not grant the feat or its effects. Verify: Blood sphere and 5th caster level; or Death sphere and 5th caster level; or Duelist sphere and base attack bonus +5; or Alchemy sphere and base attack bonus +5; Virulent Ailment, character level 9th
Reviewed - Energized Appeasement	CATEGORY:Spheres Feat Adjudication	COST:0	DESC:Manual prerequisite approval only; does not grant the feat or its effects. Verify: Spirit class feature
Reviewed - Energized Spell	CATEGORY:Spheres Feat Adjudication	COST:0	DESC:Manual prerequisite approval only; does not grant the feat or its effects. Verify: Ability to channel positive or negative energy
Reviewed - Energy Shift	CATEGORY:Spheres Feat Adjudication	COST:0	DESC:Manual prerequisite approval only; does not grant the feat or its effects. Verify: Destruction sphere or at least 2 evocation spells known
Reviewed - Enmity Ward	CATEGORY:Spheres Feat Adjudication	COST:0	DESC:Manual prerequisite approval only; does not grant the feat or its effects. Verify: favored enemy class feature
Reviewed - Ensouled Illuminations	CATEGORY:Spheres Feat Adjudication	COST:0	DESC:Manual prerequisite approval only; does not grant the feat or its effects. Verify: bound nexus class feature
Reviewed - Ensouled Vision	CATEGORY:Spheres Feat Adjudication	COST:0	DESC:Manual prerequisite approval only; does not grant the feat or its effects. Verify: bound nexus class feature
Reviewed - Environment Charge	CATEGORY:Spheres Feat Adjudication	COST:0	DESC:Manual prerequisite approval only; does not grant the feat or its effects. Verify: Charged Spells drawback
Reviewed - Escutcheon	CATEGORY:Spheres Feat Adjudication	COST:0	DESC:Manual prerequisite approval only; does not grant the feat or its effects. Verify: Banner class feature or Warleader sphere [Heraldry]
Reviewed - Event Horizon	CATEGORY:Spheres Feat Adjudication	COST:0	DESC:Manual prerequisite approval only; does not grant the feat or its effects. Verify: Telekinesis sphere [Gravity Well]
Reviewed - Exceptional Ally	CATEGORY:Spheres Feat Adjudication	COST:0	DESC:Manual prerequisite approval only; does not grant the feat or its effects. Verify: Enhancement sphere [at least one [enhance] talent]
Reviewed - Exemplary Transformation	CATEGORY:Spheres Feat Adjudication	COST:0	DESC:Manual prerequisite approval only; does not grant the feat or its effects. Verify: Enhancement Sphere [emphasize belief, mental enhancement, or physical enhancement]
Reviewed - Exorcist	CATEGORY:Spheres Feat Adjudication	COST:0	DESC:Manual prerequisite approval only; does not grant the feat or its effects. Verify: Knowledge [religion] 3 ranks; casting class feature or martial focus
Reviewed - Expanded Tension Technique	CATEGORY:Spheres Feat Adjudication	COST:0	DESC:Manual prerequisite approval only; does not grant the feat or its effects. Verify: tension pool
Reviewed - Expanding Presence	CATEGORY:Spheres Feat Adjudication	COST:0	DESC:Manual prerequisite approval only; does not grant the feat or its effects. Verify: antipaladin or paladin
Reviewed - Expedited Incantation	CATEGORY:Spheres Feat Adjudication	COST:0	DESC:Manual prerequisite approval only; does not grant the feat or its effects. Verify: 3 ranks in any 1 skill
Reviewed - Explosive Chorus	CATEGORY:Spheres Feat Adjudication	COST:0	DESC:Manual prerequisite approval only; does not grant the feat or its effects. Verify: Destruction Sphere [any [blast type] talent]; Warleader Sphere [resonating chorus]
Reviewed - Exposing Critical	CATEGORY:Spheres Feat Adjudication	COST:0	DESC:Manual prerequisite approval only; does not grant the feat or its effects. Verify: BAB +11
Reviewed - Extend Stance	CATEGORY:Spheres Feat Adjudication	COST:0	DESC:Manual prerequisite approval only; does not grant the feat or its effects. Verify: Any [stance] talent
Reviewed - Extra Battlefield Specialization	CATEGORY:Spheres Feat Adjudication	COST:0	DESC:Manual prerequisite approval only; does not grant the feat or its effects. Verify: Commander 5
Reviewed - Extra Bestial Trait	CATEGORY:Spheres Feat Adjudication	COST:0	DESC:Manual prerequisite approval only; does not grant the feat or its effects. Verify: Bestial trait class feature
Reviewed - Extra Blended Training Talent	CATEGORY:Spheres Feat Adjudication	COST:0	DESC:Manual prerequisite approval only; does not grant the feat or its effects. Verify: martial focus
Reviewed - Extra Boon Of Purpose	CATEGORY:Spheres Feat Adjudication	COST:0	DESC:Manual prerequisite approval only; does not grant the feat or its effects. Verify: Boon of purpose class feature
Reviewed - Extra Breadth Of Form	CATEGORY:Spheres Feat Adjudication	COST:0	DESC:Manual prerequisite approval only; does not grant the feat or its effects. Verify: Breadth of form class feature
Reviewed - Extra Divine Works	CATEGORY:Spheres Feat Adjudication	COST:0	DESC:Manual prerequisite approval only; does not grant the feat or its effects. Verify: Divine works class feature
Reviewed - Extra Electrokinetic Stunt	CATEGORY:Spheres Feat Adjudication	COST:0	DESC:Manual prerequisite approval only; does not grant the feat or its effects. Verify: Electrokinetic stunt class feature
Reviewed - Extra Emotion	CATEGORY:Spheres Feat Adjudication	COST:0	DESC:Manual prerequisite approval only; does not grant the feat or its effects. Verify: Emotion class feature
Reviewed - Extra Iatrogen	CATEGORY:Spheres Feat Adjudication	COST:0	DESC:Manual prerequisite approval only; does not grant the feat or its effects. Verify: Iatrogen class feature
Reviewed - Extra Invocations	CATEGORY:Spheres Feat Adjudication	COST:0	DESC:Manual prerequisite approval only; does not grant the feat or its effects. Verify: Invocations class feature
Reviewed - Extra Ki Power	CATEGORY:Spheres Feat Adjudication	COST:0	DESC:Manual prerequisite approval only; does not grant the feat or its effects. Verify: Cultivate Ki or ki power class feature
Reviewed - Extra Mystic Combat	CATEGORY:Spheres Feat Adjudication	COST:0	DESC:Manual prerequisite approval only; does not grant the feat or its effects. Verify: Mystic combat class feature
Reviewed - Extra Nexus Powers	CATEGORY:Spheres Feat Adjudication	COST:0	DESC:Manual prerequisite approval only; does not grant the feat or its effects. Verify: Bound nexus class feature
Reviewed - Extra Planar Balancer	CATEGORY:Spheres Feat Adjudication	COST:0	DESC:Manual prerequisite approval only; does not grant the feat or its effects. Verify: Fey type or subtype; planar balancer racial trait
Reviewed - Extra Prowess	CATEGORY:Spheres Feat Adjudication	COST:0	DESC:Manual prerequisite approval only; does not grant the feat or its effects. Verify: Armiger 5
Reviewed - Extra Psionics	CATEGORY:Spheres Feat Adjudication	COST:0	DESC:Manual prerequisite approval only; does not grant the feat or its effects. Verify: Psionics class feature
Reviewed - Extra Reinforcement	CATEGORY:Spheres Feat Adjudication	COST:0	DESC:Manual prerequisite approval only; does not grant the feat or its effects. Verify: Warden 5
Reviewed - Extra Scholar’s Knack	CATEGORY:Spheres Feat Adjudication	COST:0	DESC:Manual prerequisite approval only; does not grant the feat or its effects. Verify: Scholar 7
Reviewed - Extra Secret	CATEGORY:Spheres Feat Adjudication	COST:0	DESC:Manual prerequisite approval only; does not grant the feat or its effects. Verify: Secrets class feature
Reviewed - Extra Shadowstuff	CATEGORY:Spheres Feat Adjudication	COST:0	DESC:Manual prerequisite approval only; does not grant the feat or its effects. Verify: Shadowstuff class feature
Reviewed - Extra Smithing Insight	CATEGORY:Spheres Feat Adjudication	COST:0	DESC:Manual prerequisite approval only; does not grant the feat or its effects. Verify: Blacksmith 7
Reviewed - Extra Striker Art	CATEGORY:Spheres Feat Adjudication	COST:0	DESC:Manual prerequisite approval only; does not grant the feat or its effects. Verify: Striker 5
Reviewed - Extra Swarm Enhancement	CATEGORY:Spheres Feat Adjudication	COST:0	DESC:Manual prerequisite approval only; does not grant the feat or its effects. Verify: Swarm enhancement class feature
Reviewed - Extra Swarm Powers	CATEGORY:Spheres Feat Adjudication	COST:0	DESC:Manual prerequisite approval only; does not grant the feat or its effects. Verify: Swarm powers class feature
Reviewed - Extra Technical Insight	CATEGORY:Spheres Feat Adjudication	COST:0	DESC:Manual prerequisite approval only; does not grant the feat or its effects. Verify: Technician 5
Reviewed - Extra Unseen Augmentation	CATEGORY:Spheres Feat Adjudication	COST:0	DESC:Manual prerequisite approval only; does not grant the feat or its effects. Verify: Unseen forces class feature
Reviewed - Extra Venom	CATEGORY:Spheres Feat Adjudication	COST:0	DESC:Manual prerequisite approval only; does not grant the feat or its effects. Verify: Poison eater alraun
Reviewed - Extra Wraith Haunt	CATEGORY:Spheres Feat Adjudication	COST:0	DESC:Manual prerequisite approval only; does not grant the feat or its effects. Verify: Wraith haunt class feature
Reviewed - Extradimensional Gullet	CATEGORY:Spheres Feat Adjudication	COST:0	DESC:Manual prerequisite approval only; does not grant the feat or its effects. Verify: Swallow whole, Alteration sphere [Serpentine Transformation [transformation]], or Death sphere [Tomb Of Flesh]; Warp sphere [Extradimensional Room [space]]
Reviewed - Extradimensional Pouch	CATEGORY:Spheres Feat Adjudication	COST:0	DESC:Manual prerequisite approval only; does not grant the feat or its effects. Verify: Form sphere [Hidden Storage [auxiliary]]; Warp sphere [Extradimensional Storage x2]
Reviewed - Fast Focus	CATEGORY:Spheres Feat Adjudication	COST:0	DESC:Manual prerequisite approval only; does not grant the feat or its effects. Verify: Mental Focus
Reviewed - Favorite Boost	CATEGORY:Spheres Feat Adjudication	COST:0	DESC:Manual prerequisite approval only; does not grant the feat or its effects. Verify: Mana sphere [at least one [amp] talent]
Reviewed - Fey Interference	CATEGORY:Spheres Feat Adjudication	COST:0	DESC:Manual prerequisite approval only; does not grant the feat or its effects. Verify: Fey type or subtype
Reviewed - Fey Melodies	CATEGORY:Spheres Feat Adjudication	COST:0	DESC:Manual prerequisite approval only; does not grant the feat or its effects. Verify: Performance sphere [instrumental] package
Reviewed - Feylignment	CATEGORY:Spheres Feat Adjudication	COST:0	DESC:Manual prerequisite approval only; does not grant the feat or its effects. Verify: Fey type or subtype
Reviewed - Field Instruction	CATEGORY:Spheres Feat Adjudication	COST:0	DESC:Manual prerequisite approval only; does not grant the feat or its effects. Verify: Navigation sphere
Reviewed - Fiendish Dealer	CATEGORY:Spheres Feat Adjudication	COST:0	DESC:Manual prerequisite approval only; does not grant the feat or its effects. Verify: Ability to call or bind extraplanar creatures
Reviewed - Fight Choreography	CATEGORY:Spheres Feat Adjudication	COST:0	DESC:Manual prerequisite approval only; does not grant the feat or its effects. Verify: Performance sphere [[act] or [dance] package]
Reviewed - Flawless Strategy	CATEGORY:Spheres Feat Adjudication	COST:0	DESC:Manual prerequisite approval only; does not grant the feat or its effects. Verify: ability to share teamwork feats; challenge class feature
Reviewed - Flexible Energies	CATEGORY:Spheres Feat Adjudication	COST:0	DESC:Manual prerequisite approval only; does not grant the feat or its effects. Verify: Caster level 1st or higher with at least two casting traditions
Reviewed - Flexible Ghost Strike	CATEGORY:Spheres Feat Adjudication	COST:0	DESC:Manual prerequisite approval only; does not grant the feat or its effects. Verify: Destruction sphere [one [blast shape] talent]
Reviewed - Flexible Tail	CATEGORY:Spheres Feat Adjudication	COST:0	DESC:Manual prerequisite approval only; does not grant the feat or its effects. Verify: Tail natural attack
Reviewed - Flyby Attack	CATEGORY:Spheres Feat Adjudication	COST:0	DESC:Manual prerequisite approval only; does not grant the feat or its effects. Verify: Fly speed
Reviewed - Focused Fire Tactics	CATEGORY:Spheres Feat Adjudication	COST:0	DESC:Manual prerequisite approval only; does not grant the feat or its effects. Verify: War sphere, Squadron Commander; or Warleader sphere, Troop Commander
Reviewed - Focused Miasma	CATEGORY:Spheres Feat Adjudication	COST:0	DESC:Manual prerequisite approval only; does not grant the feat or its effects. Verify: Fermon alraun; odor of susceptibility
Reviewed - Focused Stamina	CATEGORY:Spheres Feat Adjudication	COST:0	DESC:Manual prerequisite approval only; does not grant the feat or its effects. Verify: Martial focus; combat stamina
Reviewed - Focusing Control	CATEGORY:Spheres Feat Adjudication	COST:0	DESC:Manual prerequisite approval only; does not grant the feat or its effects. Verify: Body Control sphere; ability to gain martial focus
Reviewed - Fool Magic	CATEGORY:Spheres Feat Adjudication	COST:0	DESC:Manual prerequisite approval only; does not grant the feat or its effects. Verify: Deceitful or Skill Focus [Bluff]
Reviewed - Forest Roots	CATEGORY:Spheres Feat Adjudication	COST:0	DESC:Manual prerequisite approval only; does not grant the feat or its effects. Verify: Plant type or subtype
Reviewed - Formulae Geomancing	CATEGORY:Spheres Feat Adjudication	COST:0	DESC:Manual prerequisite approval only; does not grant the feat or its effects. Verify: Nature sphere [three or more packages]
Reviewed - Fortified Conversion	CATEGORY:Spheres Feat Adjudication	COST:0	DESC:Manual prerequisite approval only; does not grant the feat or its effects. Verify: Casting Tradition; Combat Stamina
Reviewed - Fortified Corpsecraft	CATEGORY:Spheres Feat Adjudication	COST:0	DESC:Manual prerequisite approval only; does not grant the feat or its effects. Verify: Ability to create undead creatures.
Reviewed - Fortified Healing	CATEGORY:Spheres Feat Adjudication	COST:0	DESC:Manual prerequisite approval only; does not grant the feat or its effects. Verify: Combat Stamina
Reviewed - Friends In Close Places	CATEGORY:Spheres Feat Adjudication	COST:0	DESC:Manual prerequisite approval only; does not grant the feat or its effects. Verify: Leadership sphere [[follower] package]; call in a specialist logistic specialty
Reviewed - Frozen To The Bone	CATEGORY:Spheres Feat Adjudication	COST:0	DESC:Manual prerequisite approval only; does not grant the feat or its effects. Verify: Destruction sphere [at least one [blast type] talent that deals cold damage]
Reviewed - Furious Flare	CATEGORY:Spheres Feat Adjudication	COST:0	DESC:Manual prerequisite approval only; does not grant the feat or its effects. Verify: Destruction sphere [any [blast type] talent]
Reviewed - Fused Technique	CATEGORY:Spheres Feat Adjudication	COST:0	DESC:Manual prerequisite approval only; does not grant the feat or its effects. Verify: Knowledge of at least one technique
Reviewed - Gather Shadowstuff	CATEGORY:Spheres Feat Adjudication	COST:0	DESC:Manual prerequisite approval only; does not grant the feat or its effects. Verify: Shadowmark class feature
Reviewed - Glamered Thievery	CATEGORY:Spheres Feat Adjudication	COST:0	DESC:Manual prerequisite approval only; does not grant the feat or its effects. Verify: Illusion sphere caster level 5th
Reviewed - Glimpse The Flow	CATEGORY:Spheres Feat Adjudication	COST:0	DESC:Manual prerequisite approval only; does not grant the feat or its effects. Verify: Divination sphere [any [sense] talent]; Divination sphere caster level 6th
Reviewed - Grandiose Charms	CATEGORY:Spheres Feat Adjudication	COST:0	DESC:Manual prerequisite approval only; does not grant the feat or its effects. Verify: either Bluster or Performance sphere
Reviewed - Graphomancy	CATEGORY:Spheres Feat Adjudication	COST:0	DESC:Manual prerequisite approval only; does not grant the feat or its effects. Verify: Craft [calligraphy] 1 rank
Reviewed - Grappling Caster	CATEGORY:Spheres Feat Adjudication	COST:0	DESC:Manual prerequisite approval only; does not grant the feat or its effects. Verify: casting class feature or ability to cast spells
Reviewed - Graveborn Expression	CATEGORY:Spheres Feat Adjudication	COST:0	DESC:Manual prerequisite approval only; does not grant the feat or its effects. Verify: Performance sphere
Reviewed - Greater Created	CATEGORY:Spheres Feat Adjudication	COST:0	DESC:Manual prerequisite approval only; does not grant the feat or its effects. Verify: Construct subtype
Reviewed - Greater Cuazaj Breath	CATEGORY:Spheres Feat Adjudication	COST:0	DESC:Manual prerequisite approval only; does not grant the feat or its effects. Verify: Draconic subtype; cuazaj lightning racial trait
Reviewed - Greater Shadowmark	CATEGORY:Spheres Feat Adjudication	COST:0	DESC:Manual prerequisite approval only; does not grant the feat or its effects. Verify: Shadowmark 1d6
Reviewed - Gritting Teeth	CATEGORY:Spheres Feat Adjudication	COST:0	DESC:Manual prerequisite approval only; does not grant the feat or its effects. Verify: Combat Stamina
Reviewed - Guarded Fane	CATEGORY:Spheres Feat Adjudication	COST:0	DESC:Manual prerequisite approval only; does not grant the feat or its effects. Verify: any magical sphere [see text]
Reviewed - Guarded Range	CATEGORY:Spheres Feat Adjudication	COST:0	DESC:Manual prerequisite approval only; does not grant the feat or its effects. Verify: Navigation sphere
Reviewed - Hacking Counterspell	CATEGORY:Spheres Feat Adjudication	COST:0	DESC:Manual prerequisite approval only; does not grant the feat or its effects. Verify: Spellhacking sphere
Reviewed - Hail	CATEGORY:Spheres Feat Adjudication	COST:0	DESC:Manual prerequisite approval only; does not grant the feat or its effects. Verify: Mystic Focus; ability to gain martial focus
Reviewed - Hardened Shell	CATEGORY:Spheres Feat Adjudication	COST:0	DESC:Manual prerequisite approval only; does not grant the feat or its effects. Verify: Tatulani subtype
Reviewed - Harnessed Virtue	CATEGORY:Spheres Feat Adjudication	COST:0	DESC:Manual prerequisite approval only; does not grant the feat or its effects. Verify: ability to gain martial focus; non-neutral alignment
Reviewed - Healing Touch	CATEGORY:Spheres Feat Adjudication	COST:0	DESC:Manual prerequisite approval only; does not grant the feat or its effects. Verify: lay on hands or fervor class feature
Reviewed - Heavy Hand	CATEGORY:Spheres Feat Adjudication	COST:0	DESC:Manual prerequisite approval only; does not grant the feat or its effects. Verify: Destruction sphere [at least one [blast type] talent that deals nonlethal damage]
Reviewed - Heedless Metamagic	CATEGORY:Spheres Feat Adjudication	COST:0	DESC:Manual prerequisite approval only; does not grant the feat or its effects. Verify: 1 or more metamagic feats
Reviewed - Hemothermia	CATEGORY:Spheres Feat Adjudication	COST:0	DESC:Manual prerequisite approval only; does not grant the feat or its effects. Verify: Blood sphere [any [blood art]]
Reviewed - Heroic Companion	CATEGORY:Spheres Feat Adjudication	COST:0	DESC:Manual prerequisite approval only; does not grant the feat or its effects. Verify: Beastmastery sphere, Conjuration sphere, animal companion, familiar, or eidolon
Reviewed - Heroic Resolve	CATEGORY:Spheres Feat Adjudication	COST:0	DESC:Manual prerequisite approval only; does not grant the feat or its effects. Verify: Ability to gain martial focus; Constitution 13 or higher
Reviewed - Hexblade	CATEGORY:Spheres Feat Adjudication	COST:0	DESC:Manual prerequisite approval only; does not grant the feat or its effects. Verify: Hex class feature
Reviewed - Hidden Heretic	CATEGORY:Spheres Feat Adjudication	COST:0	DESC:Manual prerequisite approval only; does not grant the feat or its effects. Verify: Witchmarked drawback
Reviewed - Hive Mind	CATEGORY:Spheres Feat Adjudication	COST:0	DESC:Manual prerequisite approval only; does not grant the feat or its effects. Verify: War sphere, Squadron Commander; or Warleader sphere, Troop Commander; caster level 5th or 5 ranks in Diplomacy
Reviewed - Hold the Note	CATEGORY:Spheres Feat Adjudication	COST:0	DESC:Manual prerequisite approval only; does not grant the feat or its effects. Verify: tension pool, one of bardic performance, psionics, or raging song
Reviewed - Homogenous Companions	CATEGORY:Spheres Feat Adjudication	COST:0	DESC:Manual prerequisite approval only; does not grant the feat or its effects. Verify: Conjuration sphere [Extra Companion, any [form] or [type] talent]
Reviewed - Horticulturist	CATEGORY:Spheres Feat Adjudication	COST:0	DESC:Manual prerequisite approval only; does not grant the feat or its effects. Verify: Associated ranks 3; Herbalism sphere [[herbal] package]; either the Alchemy sphere [[poison] package] or Creation sphere
Reviewed - Hubris Defiance	CATEGORY:Spheres Feat Adjudication	COST:0	DESC:Manual prerequisite approval only; does not grant the feat or its effects. Verify: base attack bonus +5 or monk level 5th; nonlawful
Reviewed - Hubris Style	CATEGORY:Spheres Feat Adjudication	COST:0	DESC:Manual prerequisite approval only; does not grant the feat or its effects. Verify: Base attack bonus +3 or monk level 3rd; nonlawful
Reviewed - Hubris Triumph	CATEGORY:Spheres Feat Adjudication	COST:0	DESC:Manual prerequisite approval only; does not grant the feat or its effects. Verify: base attack bonus +9 or monk level 9th; nonlawful
Reviewed - Huckster’s Gamble	CATEGORY:Spheres Feat Adjudication	COST:0	DESC:Manual prerequisite approval only; does not grant the feat or its effects. Verify: Catastrophic Failure
Reviewed - Huckster’s Hypothetical	CATEGORY:Spheres Feat Adjudication	COST:0	DESC:Manual prerequisite approval only; does not grant the feat or its effects. Verify: Catastrophic Failure drawback; Hypothesis Dice class feature
Reviewed - Hungry	CATEGORY:Spheres Feat Adjudication	COST:0	DESC:Manual prerequisite approval only; does not grant the feat or its effects. Verify: Ravenous Companion
Reviewed - I Will Save You	CATEGORY:Spheres Feat Adjudication	COST:0	DESC:Manual prerequisite approval only; does not grant the feat or its effects. Verify: Guardian sphere [Defend Other, I Will Hear, I Will Come]
Reviewed - Illusionary Blast	CATEGORY:Spheres Feat Adjudication	COST:0	DESC:Manual prerequisite approval only; does not grant the feat or its effects. Verify: Illusion sphere [Illusionary Touch [sensory, touch] x2]
Reviewed - Imbue With Nature	CATEGORY:Spheres Feat Adjudication	COST:0	DESC:Manual prerequisite approval only; does not grant the feat or its effects. Verify: Nature sphere [any [geomancing] talent]
Reviewed - Improved Artificery	CATEGORY:Spheres Feat Adjudication	COST:0	DESC:Manual prerequisite approval only; does not grant the feat or its effects. Verify: Any Craft or Profession 10 ranks
Reviewed - Improved Assistance	CATEGORY:Spheres Feat Adjudication	COST:0	DESC:Manual prerequisite approval only; does not grant the feat or its effects. Verify: Knowledge of at least one technique
Reviewed - Improved Atavism	CATEGORY:Spheres Feat Adjudication	COST:0	DESC:Manual prerequisite approval only; does not grant the feat or its effects. Verify: Berserker sphere [Atavism [adrenaline]]
Reviewed - Improved Combat Recharge	CATEGORY:Spheres Feat Adjudication	COST:0	DESC:Manual prerequisite approval only; does not grant the feat or its effects. Verify: Charged Spells
Reviewed - Improved Dispelling Attack	CATEGORY:Spheres Feat Adjudication	COST:0	DESC:Manual prerequisite approval only; does not grant the feat or its effects. Verify: Dispelling Attack
Reviewed - Improved Ink Jet	CATEGORY:Spheres Feat Adjudication	COST:0	DESC:Manual prerequisite approval only; does not grant the feat or its effects. Verify: Cecaelia subtype; ink jet racial ability
Reviewed - Improved Spell Combat	CATEGORY:Spheres Feat Adjudication	COST:0	DESC:Manual prerequisite approval only; does not grant the feat or its effects. Verify: any talent with the strike descriptor
Reviewed - Improved Spell Kicker	CATEGORY:Spheres Feat Adjudication	COST:0	DESC:Manual prerequisite approval only; does not grant the feat or its effects. Verify: Card Casting or Charged Spells drawback
Reviewed - In Too Deep	CATEGORY:Spheres Feat Adjudication	COST:0	DESC:Manual prerequisite approval only; does not grant the feat or its effects. Verify: Unsettling Casting drawback
Reviewed - Inhuman Defiler	CATEGORY:Spheres Feat Adjudication	COST:0	DESC:Manual prerequisite approval only; does not grant the feat or its effects. Verify: Terrain Casting drawback; non-good alignment
Reviewed - Insidious Magic	CATEGORY:Spheres Feat Adjudication	COST:0	DESC:Manual prerequisite approval only; does not grant the feat or its effects. Verify: Incompatible Energies drawback
Reviewed - Insinuating Incantation	CATEGORY:Spheres Feat Adjudication	COST:0	DESC:Manual prerequisite approval only; does not grant the feat or its effects. Verify: Bluster sphere
Reviewed - Inspired Learning	CATEGORY:Spheres Feat Adjudication	COST:0	DESC:Manual prerequisite approval only; does not grant the feat or its effects. Verify: MSB +1
Reviewed - Instinctive Stance	CATEGORY:Spheres Feat Adjudication	COST:0	DESC:Manual prerequisite approval only; does not grant the feat or its effects. Verify: Ability to gain martial focus
Reviewed - Instinctual Skittishness	CATEGORY:Spheres Feat Adjudication	COST:0	DESC:Manual prerequisite approval only; does not grant the feat or its effects. Verify: Coy Caster
Reviewed - Instructive Command	CATEGORY:Spheres Feat Adjudication	COST:0	DESC:Manual prerequisite approval only; does not grant the feat or its effects. Verify: War sphere, Squadron Commander; or Warleader sphere, Troop Commander
Reviewed - Intense Defiling	CATEGORY:Spheres Feat Adjudication	COST:0	DESC:Manual prerequisite approval only; does not grant the feat or its effects. Verify: Terrain Casting drawback
Reviewed - Intense Metamagic	CATEGORY:Spheres Feat Adjudication	COST:0	DESC:Manual prerequisite approval only; does not grant the feat or its effects. Verify: tension pool
Reviewed - Jumbled Organs	CATEGORY:Spheres Feat Adjudication	COST:0	DESC:Manual prerequisite approval only; does not grant the feat or its effects. Verify: Construct type or subtype
Reviewed - Land-Attuned Magic	CATEGORY:Spheres Feat Adjudication	COST:0	DESC:Manual prerequisite approval only; does not grant the feat or its effects. Verify: Area Bound or Terrain Casting
Reviewed - Layered Shroud	CATEGORY:Spheres Feat Adjudication	COST:0	DESC:Manual prerequisite approval only; does not grant the feat or its effects. Verify: Weather sphere [one [shroud] talent]
Reviewed - Ley Line Affinity	CATEGORY:Spheres Feat Adjudication	COST:0	DESC:Manual prerequisite approval only; does not grant the feat or its effects. Verify: Area Bound drawback
Reviewed - Life Conversion	CATEGORY:Spheres Feat Adjudication	COST:0	DESC:Manual prerequisite approval only; does not grant the feat or its effects. Verify: Draining Casting
Reviewed - Lightning Tactics	CATEGORY:Spheres Feat Adjudication	COST:0	DESC:Manual prerequisite approval only; does not grant the feat or its effects. Verify: War sphere, Squadron Commander; or Warleader sphere, Troop Commander; character level 10th
Reviewed - Lightshow	CATEGORY:Spheres Feat Adjudication	COST:0	DESC:Manual prerequisite approval only; does not grant the feat or its effects. Verify: bardic performance class ability
Reviewed - Linguistic Mastery	CATEGORY:Spheres Feat Adjudication	COST:0	DESC:Manual prerequisite approval only; does not grant the feat or its effects. Verify: Tatulani subtype
Reviewed - Living Accumulator	CATEGORY:Spheres Feat Adjudication	COST:0	DESC:Manual prerequisite approval only; does not grant the feat or its effects. Verify: Draconic subtype; Constitution 13+
Reviewed - Localized Arcana	CATEGORY:Spheres Feat Adjudication	COST:0	DESC:Manual prerequisite approval only; does not grant the feat or its effects. Verify: Favored Terrain class feature
Reviewed - Mage of Spore and Fungus	CATEGORY:Spheres Feat Adjudication	COST:0	DESC:Manual prerequisite approval only; does not grant the feat or its effects. Verify: Plant Mastery
Reviewed - Magic Runes	CATEGORY:Spheres Feat Adjudication	COST:0	DESC:Manual prerequisite approval only; does not grant the feat or its effects. Verify: Diagram Magic
Reviewed - Magical Blending	CATEGORY:Spheres Feat Adjudication	COST:0	DESC:Manual prerequisite approval only; does not grant the feat or its effects. Verify: Mana sphere; Death sphere, Destruction sphere, Mind sphere, or Nature sphere [[water] package]
Reviewed - Magical Focus	CATEGORY:Spheres Feat Adjudication	COST:0	DESC:Manual prerequisite approval only; does not grant the feat or its effects. Verify: Focus Casting drawback or Galvanized drawback
Reviewed - Maintain Proxy	CATEGORY:Spheres Feat Adjudication	COST:0	DESC:Manual prerequisite approval only; does not grant the feat or its effects. Verify: at least one Proxy feat
Reviewed - Manabond Versatility	CATEGORY:Spheres Feat Adjudication	COST:0	DESC:Manual prerequisite approval only; does not grant the feat or its effects. Verify: any other magic sphere
Reviewed - Manifold Foci	CATEGORY:Spheres Feat Adjudication	COST:0	DESC:Manual prerequisite approval only; does not grant the feat or its effects. Verify: Center Of Power or Focus Casting
Reviewed - Manifold Spell Knowledge	CATEGORY:Spheres Feat Adjudication	COST:0	DESC:Manual prerequisite approval only; does not grant the feat or its effects. Verify: Caster level 1st or higher with at least two casting traditions
Reviewed - Manipulate Result	CATEGORY:Spheres Feat Adjudication	COST:0	DESC:Manual prerequisite approval only; does not grant the feat or its effects. Verify: Spell point pool or casting class feature
Reviewed - Mantled Caster	CATEGORY:Spheres Feat Adjudication	COST:0	DESC:Manual prerequisite approval only; does not grant the feat or its effects. Verify: any [mantle] talent
Reviewed - Mark Of Magical Ineptitude	CATEGORY:Spheres Feat Adjudication	COST:0	DESC:Manual prerequisite approval only; does not grant the feat or its effects. Verify: Mana sphere [Mark Of Instability, Mark Of Incompetency]
Reviewed - Martial Presence	CATEGORY:Spheres Feat Adjudication	COST:0	DESC:Manual prerequisite approval only; does not grant the feat or its effects. Verify: Combat Stamina
Reviewed - Martial Reflexes	CATEGORY:Spheres Feat Adjudication	COST:0	DESC:Manual prerequisite approval only; does not grant the feat or its effects. Verify: Combat Stamina or a grit pool, ki pool, luck pool, or panache class feature; base attack bonus +1
Reviewed - Mass Command	CATEGORY:Spheres Feat Adjudication	COST:0	DESC:Manual prerequisite approval only; does not grant the feat or its effects. Verify: War sphere, Squadron Commander; or Warleader sphere, Troop Commander, casting class feature
Reviewed - Master Engineer	CATEGORY:Spheres Feat Adjudication	COST:0	DESC:Manual prerequisite approval only; does not grant the feat or its effects. Verify: Profession [engineer] 5 ranks
Reviewed - Mastery of Many	CATEGORY:Spheres Feat Adjudication	COST:0	DESC:Manual prerequisite approval only; does not grant the feat or its effects. Verify: Charged Spells
Reviewed - Mechanized Magnificence	CATEGORY:Spheres Feat Adjudication	COST:0	DESC:Manual prerequisite approval only; does not grant the feat or its effects. Verify: Performance sphere
Reviewed - Mental Metamagic	CATEGORY:Spheres Feat Adjudication	COST:0	DESC:Manual prerequisite approval only; does not grant the feat or its effects. Verify: Mental Focus drawback
Reviewed - Mental Modulation	CATEGORY:Spheres Feat Adjudication	COST:0	DESC:Manual prerequisite approval only; does not grant the feat or its effects. Verify: Mental Focus drawback
Reviewed - Merged Summons	CATEGORY:Spheres Feat Adjudication	COST:0	DESC:Manual prerequisite approval only; does not grant the feat or its effects. Verify: Alteration Sphere [Fusion]
Reviewed - Metamagic Aficionado	CATEGORY:Spheres Feat Adjudication	COST:0	DESC:Manual prerequisite approval only; does not grant the feat or its effects. Verify: Favored Metamagic [any three metamagic feats]
Reviewed - Middle Man	CATEGORY:Spheres Feat Adjudication	COST:0	DESC:Manual prerequisite approval only; does not grant the feat or its effects. Verify: Communication sphere; Faction sphere
Reviewed - Might Of The Grave	CATEGORY:Spheres Feat Adjudication	COST:0	DESC:Manual prerequisite approval only; does not grant the feat or its effects. Verify: Death sphere [reanimate ability]; Enhancement sphere [any [enhance] ability]
Reviewed - Mind Over Manners	CATEGORY:Spheres Feat Adjudication	COST:0	DESC:Manual prerequisite approval only; does not grant the feat or its effects. Verify: Conjuration sphere [Call Planar Creature]
Reviewed - Minor Uncanniness Acclimation	CATEGORY:Spheres Feat Adjudication	COST:0	DESC:Manual prerequisite approval only; does not grant the feat or its effects. Verify: Unsettling Casting drawback
Reviewed - Mixed Formation	CATEGORY:Spheres Feat Adjudication	COST:0	DESC:Manual prerequisite approval only; does not grant the feat or its effects. Verify: War sphere, Squadron Commander; or Warleader sphere, Troop Commander
Reviewed - Mixed Toxicity	CATEGORY:Spheres Feat Adjudication	COST:0	DESC:Manual prerequisite approval only; does not grant the feat or its effects. Verify: Poison eater alraun
Reviewed - Mobile Drone	CATEGORY:Spheres Feat Adjudication	COST:0	DESC:Manual prerequisite approval only; does not grant the feat or its effects. Verify: Drone
Reviewed - Mobile Tactics	CATEGORY:Spheres Feat Adjudication	COST:0	DESC:Manual prerequisite approval only; does not grant the feat or its effects. Verify: War sphere, Squadron Commander; or Warleader sphere, Troop Commander
Reviewed - Morphic Disguise	CATEGORY:Spheres Feat Adjudication	COST:0	DESC:Manual prerequisite approval only; does not grant the feat or its effects. Verify: Alteration or Illusion sphere; Subterfuge sphere
Reviewed - Mounted Protector	CATEGORY:Spheres Feat Adjudication	COST:0	DESC:Manual prerequisite approval only; does not grant the feat or its effects. Verify: Beastmastery sphere or animal companion class feature
Reviewed - Multifarious Strain	CATEGORY:Spheres Feat Adjudication	COST:0	DESC:Manual prerequisite approval only; does not grant the feat or its effects. Verify: Unsettling Casting
Reviewed - Mutagenic Enhancements	CATEGORY:Spheres Feat Adjudication	COST:0	DESC:Manual prerequisite approval only; does not grant the feat or its effects. Verify: Enhancement sphere [any [enhance] ability]
Reviewed - Mystic Choreography	CATEGORY:Spheres Feat Adjudication	COST:0	DESC:Manual prerequisite approval only; does not grant the feat or its effects. Verify: Enhancement sphere; at least one of the Skilled Casting, Somatic Casting, or Verbal Casting drawbacks; Circle Casting, Spell Proxy
Reviewed - Natural Sciences	CATEGORY:Spheres Feat Adjudication	COST:0	DESC:Manual prerequisite approval only; does not grant the feat or its effects. Verify: Associated ranks 3; Herbalism sphere [[herbal] package]; either the Alchemy sphere [[formulae] package] or Nature sphere
Reviewed - Nature’s Enhancement	CATEGORY:Spheres Feat Adjudication	COST:0	DESC:Manual prerequisite approval only; does not grant the feat or its effects. Verify: Nature sphere [any [spirit] talent]
Reviewed - Network of Bonds	CATEGORY:Spheres Feat Adjudication	COST:0	DESC:Manual prerequisite approval only; does not grant the feat or its effects. Verify: Bonded Casting
Reviewed - Never Beyond Reach	CATEGORY:Spheres Feat Adjudication	COST:0	DESC:Manual prerequisite approval only; does not grant the feat or its effects. Verify: Bonded Casting
Reviewed - No Cost Too Great	CATEGORY:Spheres Feat Adjudication	COST:0	DESC:Manual prerequisite approval only; does not grant the feat or its effects. Verify: Draining Casting [drawback] or Unsettling Casting [drawback]
Reviewed - Object Familiar	CATEGORY:Spheres Feat Adjudication	COST:0	DESC:Manual prerequisite approval only; does not grant the feat or its effects. Verify: ability to acquire a familiar
Reviewed - Off In A Blink	CATEGORY:Spheres Feat Adjudication	COST:0	DESC:Manual prerequisite approval only; does not grant the feat or its effects. Verify: Coy Caster
Reviewed - Organic Spirits	CATEGORY:Spheres Feat Adjudication	COST:0	DESC:Manual prerequisite approval only; does not grant the feat or its effects. Verify: Barroom sphere plus one other sphere: Nature sphere or Herbalism sphere
Reviewed - Organized Following	CATEGORY:Spheres Feat Adjudication	COST:0	DESC:Manual prerequisite approval only; does not grant the feat or its effects. Verify: Faction sphere
Reviewed - Overwatch	CATEGORY:Spheres Feat Adjudication	COST:0	DESC:Manual prerequisite approval only; does not grant the feat or its effects. Verify: Covering Fire talent
Reviewed - Pacified Strike	CATEGORY:Spheres Feat Adjudication	COST:0	DESC:Manual prerequisite approval only; does not grant the feat or its effects. Verify: one talent from any sphere that has the strike descriptor
Reviewed - Pathological Host	CATEGORY:Spheres Feat Adjudication	COST:0	DESC:Manual prerequisite approval only; does not grant the feat or its effects. Verify: Blood sphere and 5th caster level; or Death sphere and 5th caster level; or Duelist sphere and base attack bonus +5; or Alchemy sphere and base attack bonus +5; Virulent Ailment, character level 7th
Reviewed - Pathology	CATEGORY:Spheres Feat Adjudication	COST:0	DESC:Manual prerequisite approval only; does not grant the feat or its effects. Verify: Blood sphere and 5th caster level; or Death sphere and 5th caster level; or Duelist sphere and base attack bonus +5; or Alchemy sphere and base attack bonus +5; Virulent Ailment
Reviewed - Pawn of Prophecy	CATEGORY:Spheres Feat Adjudication	COST:0	DESC:Manual prerequisite approval only; does not grant the feat or its effects. Verify: Unsettling Casting
Reviewed - Perfect Calm	CATEGORY:Spheres Feat Adjudication	COST:0	DESC:Manual prerequisite approval only; does not grant the feat or its effects. Verify: Martial focus
Reviewed - Perpetual Connection	CATEGORY:Spheres Feat Adjudication	COST:0	DESC:Manual prerequisite approval only; does not grant the feat or its effects. Verify: Communication sphere, Posse Commander; or War sphere, Squadron Commander; or Warleader sphere, Troop Commander
Reviewed - Persistent Onslaught	CATEGORY:Spheres Feat Adjudication	COST:0	DESC:Manual prerequisite approval only; does not grant the feat or its effects. Verify: Determined Defense or Furious Focus
Reviewed - Petrifying Pennant	CATEGORY:Spheres Feat Adjudication	COST:0	DESC:Manual prerequisite approval only; does not grant the feat or its effects. Verify: banner class feature or Warleader sphere [Heraldry]
Reviewed - Phalanx Formation	CATEGORY:Spheres Feat Adjudication	COST:0	DESC:Manual prerequisite approval only; does not grant the feat or its effects. Verify: War sphere, Squadron Commander; or Warleader sphere, Troop Commander
Reviewed - Pilot’s Savvy	CATEGORY:Spheres Feat Adjudication	COST:0	DESC:Manual prerequisite approval only; does not grant the feat or its effects. Verify: Artifice sphere or Enhancement sphere
Reviewed - Pincer Formation	CATEGORY:Spheres Feat Adjudication	COST:0	DESC:Manual prerequisite approval only; does not grant the feat or its effects. Verify: War sphere, Squadron Commander; or Warleader sphere, Troop Commander
Reviewed - Pinnacle Clarity	CATEGORY:Spheres Feat Adjudication	COST:0	DESC:Manual prerequisite approval only; does not grant the feat or its effects. Verify: Knowledge of at least one technique
Reviewed - Planar Strike	CATEGORY:Spheres Feat Adjudication	COST:0	DESC:Manual prerequisite approval only; does not grant the feat or its effects. Verify: Fey type or subtype; planar balancer racial trait
Reviewed - Planar Swing	CATEGORY:Spheres Feat Adjudication	COST:0	DESC:Manual prerequisite approval only; does not grant the feat or its effects. Verify: Fey type or subtype; planar balancer racial trait
Reviewed - Planar Tether	CATEGORY:Spheres Feat Adjudication	COST:0	DESC:Manual prerequisite approval only; does not grant the feat or its effects. Verify: Planebound Magic
Reviewed - Platoon Commander	CATEGORY:Spheres Feat Adjudication	COST:0	DESC:Manual prerequisite approval only; does not grant the feat or its effects. Verify: War sphere, Squadron Commander; or Warleader sphere, Troop Commander
Reviewed - Poetry of Form	CATEGORY:Spheres Feat Adjudication	COST:0	DESC:Manual prerequisite approval only; does not grant the feat or its effects. Verify: Artifice Sphere
Reviewed - Poison Spitter	CATEGORY:Spheres Feat Adjudication	COST:0	DESC:Manual prerequisite approval only; does not grant the feat or its effects. Verify: Poison eater alraun
Reviewed - Poisoned Apple	CATEGORY:Spheres Feat Adjudication	COST:0	DESC:Manual prerequisite approval only; does not grant the feat or its effects. Verify: Charged Spells drawback
Reviewed - Poisonous Ink	CATEGORY:Spheres Feat Adjudication	COST:0	DESC:Manual prerequisite approval only; does not grant the feat or its effects. Verify: Cecaelia subtype
Reviewed - Portal Combat	CATEGORY:Spheres Feat Adjudication	COST:0	DESC:Manual prerequisite approval only; does not grant the feat or its effects. Verify: Warp sphere [Mass Teleport [mass], Portal [advanced], Wormhole [space]]
Reviewed - Portal Shield	CATEGORY:Spheres Feat Adjudication	COST:0	DESC:Manual prerequisite approval only; does not grant the feat or its effects. Verify: Warp sphere [Mass Teleport [mass], Portal [advanced], Wormhole [space]]
Reviewed - Posse Commander	CATEGORY:Spheres Feat Adjudication	COST:0	DESC:Manual prerequisite approval only; does not grant the feat or its effects. Verify: Communication sphere
Reviewed - Power Of Fear	CATEGORY:Spheres Feat Adjudication	COST:0	DESC:Manual prerequisite approval only; does not grant the feat or its effects. Verify: Emotional Casting drawback
Reviewed - Power of Friendship	CATEGORY:Spheres Feat Adjudication	COST:0	DESC:Manual prerequisite approval only; does not grant the feat or its effects. Verify: Emotional Casting
Reviewed - Powerful Focus	CATEGORY:Spheres Feat Adjudication	COST:0	DESC:Manual prerequisite approval only; does not grant the feat or its effects. Verify: Mental Focus
Reviewed - Practiced Claws	CATEGORY:Spheres Feat Adjudication	COST:0	DESC:Manual prerequisite approval only; does not grant the feat or its effects. Verify: Tatulani subtype; secondary arms racial trait
Reviewed - Practiced Concentration	CATEGORY:Spheres Feat Adjudication	COST:0	DESC:Manual prerequisite approval only; does not grant the feat or its effects. Verify: Consciousness Linked x2
Reviewed - Precocious Creation	CATEGORY:Spheres Feat Adjudication	COST:0	DESC:Manual prerequisite approval only; does not grant the feat or its effects. Verify: Creation sphere [any [material] talent]
Reviewed - Precogniscent Protection	CATEGORY:Spheres Feat Adjudication	COST:0	DESC:Manual prerequisite approval only; does not grant the feat or its effects. Verify: Divination sphere [one or more [sense] talents or abilities]
Reviewed - Precogniscent Resistance	CATEGORY:Spheres Feat Adjudication	COST:0	DESC:Manual prerequisite approval only; does not grant the feat or its effects. Verify: Divination sphere [one or more [sense] talents or abilities]
Reviewed - Precogniscent Smite	CATEGORY:Spheres Feat Adjudication	COST:0	DESC:Manual prerequisite approval only; does not grant the feat or its effects. Verify: Divination sphere [one or more [sense] talents or abilities]
Reviewed - Prepared Diagram	CATEGORY:Spheres Feat Adjudication	COST:0	DESC:Manual prerequisite approval only; does not grant the feat or its effects. Verify: Diagram Magic
Reviewed - Preserved Integrity	CATEGORY:Spheres Feat Adjudication	COST:0	DESC:Manual prerequisite approval only; does not grant the feat or its effects. Verify: Charged Spells
Reviewed - Preternatural Pizazz	CATEGORY:Spheres Feat Adjudication	COST:0	DESC:Manual prerequisite approval only; does not grant the feat or its effects. Verify: Magical Signs
Reviewed - Primal Blast	CATEGORY:Spheres Feat Adjudication	COST:0	DESC:Manual prerequisite approval only; does not grant the feat or its effects. Verify: Destruction sphere [any [blast type] talent]; Nature sphere [any package]
Reviewed - Primal Dancer	CATEGORY:Spheres Feat Adjudication	COST:0	DESC:Manual prerequisite approval only; does not grant the feat or its effects. Verify: Perform [dance] 3 ranks; Performance sphere [[dance] package]; either the Berserker sphere or Destruction sphere [one [blast type] talent that deals energy damage or Energy Aura talent]
Reviewed - Primal Emblem	CATEGORY:Spheres Feat Adjudication	COST:0	DESC:Manual prerequisite approval only; does not grant the feat or its effects. Verify: Banner class feature
Reviewed - Prolific Pugilist	CATEGORY:Spheres Feat Adjudication	COST:0	DESC:Manual prerequisite approval only; does not grant the feat or its effects. Verify: Bluster sphere
Reviewed - Pulsing Channel	CATEGORY:Spheres Feat Adjudication	COST:0	DESC:Manual prerequisite approval only; does not grant the feat or its effects. Verify: Channel Energy 4d6
Reviewed - Puncturing Strike	CATEGORY:Spheres Feat Adjudication	COST:0	DESC:Manual prerequisite approval only; does not grant the feat or its effects. Verify: any [strike] talent; one of Piercing Spell or Spell Penetration
Reviewed - Purging Despoilation	CATEGORY:Spheres Feat Adjudication	COST:0	DESC:Manual prerequisite approval only; does not grant the feat or its effects. Verify: Terrain Casting drawback
Reviewed - Push/Pull Mastery	CATEGORY:Spheres Feat Adjudication	COST:0	DESC:Manual prerequisite approval only; does not grant the feat or its effects. Verify: Telekinesis sphere [Directional Control drawback]
Reviewed - Racing Ramp	CATEGORY:Spheres Feat Adjudication	COST:0	DESC:Manual prerequisite approval only; does not grant the feat or its effects. Verify: Ramp Up
Reviewed - Rage Of The Grave	CATEGORY:Spheres Feat Adjudication	COST:0	DESC:Manual prerequisite approval only; does not grant the feat or its effects. Verify: rage class feature
Reviewed - Raging Lucidity	CATEGORY:Spheres Feat Adjudication	COST:0	DESC:Manual prerequisite approval only; does not grant the feat or its effects. Verify: Body Control Sphere; Berserker Sphere or one of bloodrage, rage, or raging song class feature
Reviewed - Rampant Consumption	CATEGORY:Spheres Feat Adjudication	COST:0	DESC:Manual prerequisite approval only; does not grant the feat or its effects. Verify: Knowledge of at least one technique
Reviewed - Range Virtuoso	CATEGORY:Spheres Feat Adjudication	COST:0	DESC:Manual prerequisite approval only; does not grant the feat or its effects. Verify: must have taken at least one range talent at least twice.
Reviewed - Ranged Command	CATEGORY:Spheres Feat Adjudication	COST:0	DESC:Manual prerequisite approval only; does not grant the feat or its effects. Verify: War sphere, Squadron Commander; or Warleader sphere, Troop Commander; casting class feature
Reviewed - Rapier Wit	CATEGORY:Spheres Feat Adjudication	COST:0	DESC:Manual prerequisite approval only; does not grant the feat or its effects. Verify: Bluster sphere; either Fencing or Gladiator sphere
Reviewed - Razor Beak	CATEGORY:Spheres Feat Adjudication	COST:0	DESC:Manual prerequisite approval only; does not grant the feat or its effects. Verify: Fenghuang subtype
Reviewed - Razor Talons	CATEGORY:Spheres Feat Adjudication	COST:0	DESC:Manual prerequisite approval only; does not grant the feat or its effects. Verify: Fenghuang subtype
Reviewed - Reach Blade	CATEGORY:Spheres Feat Adjudication	COST:0	DESC:Manual prerequisite approval only; does not grant the feat or its effects. Verify: destructive blade class feature
Reviewed - Ready Initiation	CATEGORY:Spheres Feat Adjudication	COST:0	DESC:Manual prerequisite approval only; does not grant the feat or its effects. Verify: Knowledge of at least one technique
Reviewed - Real Flight	CATEGORY:Spheres Feat Adjudication	COST:0	DESC:Manual prerequisite approval only; does not grant the feat or its effects. Verify: Draconic subtype; breezeflight
Reviewed - Realmwalker Adept	CATEGORY:Spheres Feat Adjudication	COST:0	DESC:Manual prerequisite approval only; does not grant the feat or its effects. Verify: Knowledge [planes] 3 ranks
Reviewed - Realmwalker Master	CATEGORY:Spheres Feat Adjudication	COST:0	DESC:Manual prerequisite approval only; does not grant the feat or its effects. Verify: Knowledge [planes] 7 ranks
Reviewed - Reckless Drone	CATEGORY:Spheres Feat Adjudication	COST:0	DESC:Manual prerequisite approval only; does not grant the feat or its effects. Verify: Drone
Reviewed - Recon Drone	CATEGORY:Spheres Feat Adjudication	COST:0	DESC:Manual prerequisite approval only; does not grant the feat or its effects. Verify: Drone
Reviewed - Refined Amplification	CATEGORY:Spheres Feat Adjudication	COST:0	DESC:Manual prerequisite approval only; does not grant the feat or its effects. Verify: Mana Sphere [any [amp] talent]; Skilled Casting drawback
Reviewed - Regulated Metabolism	CATEGORY:Spheres Feat Adjudication	COST:0	DESC:Manual prerequisite approval only; does not grant the feat or its effects. Verify: Body Control sphere; vitae class feature
Reviewed - Rehearsed Performance	CATEGORY:Spheres Feat Adjudication	COST:0	DESC:Manual prerequisite approval only; does not grant the feat or its effects. Verify: Communication sphere; one of Performance sphere [[dance] package], bardic performance, psionics, or raging song; Posse Commander
Reviewed - Requested Command	CATEGORY:Spheres Feat Adjudication	COST:0	DESC:Manual prerequisite approval only; does not grant the feat or its effects. Verify: War sphere, Squadron Commander; or Warleader sphere, Troop Commander
Reviewed - Rerouted Costs	CATEGORY:Spheres Feat Adjudication	COST:0	DESC:Manual prerequisite approval only; does not grant the feat or its effects. Verify: at least two drawbacks from among Addictive Casting, Decrepit Casting, Draining Casting, Madness Mantra, Variant Madness Mantra, Narcoleptic Casting, Painful Magic, Unsettling Casting, or other drawbacks at GM discretion
Reviewed - Resistant Veins	CATEGORY:Spheres Feat Adjudication	COST:0	DESC:Manual prerequisite approval only; does not grant the feat or its effects. Verify: Anemic
Reviewed - Restorative Rush	CATEGORY:Spheres Feat Adjudication	COST:0	DESC:Manual prerequisite approval only; does not grant the feat or its effects. Verify: Charged Spells
Reviewed - Revenant Militia	CATEGORY:Spheres Feat Adjudication	COST:0	DESC:Manual prerequisite approval only; does not grant the feat or its effects. Verify: Ability to create undead creatures
Reviewed - Revitalizing Grasp	CATEGORY:Spheres Feat Adjudication	COST:0	DESC:Manual prerequisite approval only; does not grant the feat or its effects. Verify: Life sphere [at least one [vitality] talent]; lay on hands class feature
Reviewed - Rigorous Defense	CATEGORY:Spheres Feat Adjudication	COST:0	DESC:Manual prerequisite approval only; does not grant the feat or its effects. Verify: inspiration class feature
Reviewed - Ritualistic Perseverance	CATEGORY:Spheres Feat Adjudication	COST:0	DESC:Manual prerequisite approval only; does not grant the feat or its effects. Verify: 3 ranks in any 2 skills
Reviewed - Roiling Anger	CATEGORY:Spheres Feat Adjudication	COST:0	DESC:Manual prerequisite approval only; does not grant the feat or its effects. Verify: Ki pool class feature; rage class feature
Reviewed - Roll Redemption	CATEGORY:Spheres Feat Adjudication	COST:0	DESC:Manual prerequisite approval only; does not grant the feat or its effects. Verify: Kismet pool.
Reviewed - Rotten Hordes	CATEGORY:Spheres Feat Adjudication	COST:0	DESC:Manual prerequisite approval only; does not grant the feat or its effects. Verify: Blood sphere and 5th caster level; or Death sphere and 5th caster level; or Duelist sphere and base attack bonus +5; or Alchemy sphere and base attack bonus +5; Death sphere [Shroud], Virulent Ailment [plague]
Reviewed - Ruinous Defiling	CATEGORY:Spheres Feat Adjudication	COST:0	DESC:Manual prerequisite approval only; does not grant the feat or its effects. Verify: Terrain Casting drawback; non-good alignment
Reviewed - Rumbling	CATEGORY:Spheres Feat Adjudication	COST:0	DESC:Manual prerequisite approval only; does not grant the feat or its effects. Verify: 3 purring feats
Reviewed - Rush Of Magic	CATEGORY:Spheres Feat Adjudication	COST:0	DESC:Manual prerequisite approval only; does not grant the feat or its effects. Verify: Addictive Casting
Reviewed - Rust to Rust	CATEGORY:Spheres Feat Adjudication	COST:0	DESC:Manual prerequisite approval only; does not grant the feat or its effects. Verify: Ability to deal negative energy damage
Reviewed - Ruthless Sneak	CATEGORY:Spheres Feat Adjudication	COST:0	DESC:Manual prerequisite approval only; does not grant the feat or its effects. Verify: Sneak Attack +3d6
Reviewed - Sacrosanct Firewall	CATEGORY:Spheres Feat Adjudication	COST:0	DESC:Manual prerequisite approval only; does not grant the feat or its effects. Verify: Fate sphere [Hallow [word]]
Reviewed - Salvaging Execution	CATEGORY:Spheres Feat Adjudication	COST:0	DESC:Manual prerequisite approval only; does not grant the feat or its effects. Verify: Blood sphere, Death sphere [Shroud [dominion]], or Telekinesis sphere
Reviewed - Sanctified Vigilance	CATEGORY:Spheres Feat Adjudication	COST:0	DESC:Manual prerequisite approval only; does not grant the feat or its effects. Verify: War sphere [any [rally] talent]
Reviewed - Sanctum Magic	CATEGORY:Spheres Feat Adjudication	COST:0	DESC:Manual prerequisite approval only; does not grant the feat or its effects. Verify: Area Bound drawback
Reviewed - Sanguine Magic	CATEGORY:Spheres Feat Adjudication	COST:0	DESC:Manual prerequisite approval only; does not grant the feat or its effects. Verify: Duelist sphere [one [bleed] talent]; Blood sphere [Hemorrhage] or Death sphere [Bleeding Wounds [ghost strike]]
Reviewed - Sanguinivorous	CATEGORY:Spheres Feat Adjudication	COST:0	DESC:Manual prerequisite approval only; does not grant the feat or its effects. Verify: Vampiric Casting drawback
Reviewed - Savagery	CATEGORY:Spheres Feat Adjudication	COST:0	DESC:Manual prerequisite approval only; does not grant the feat or its effects. Verify: animal focus class feature
Reviewed - Scholar Of Past And Future	CATEGORY:Spheres Feat Adjudication	COST:0	DESC:Manual prerequisite approval only; does not grant the feat or its effects. Verify: Knowledge [history] 1 rank
Reviewed - Scorched Path	CATEGORY:Spheres Feat Adjudication	COST:0	DESC:Manual prerequisite approval only; does not grant the feat or its effects. Verify: Navigation Sphere
Reviewed - Scouting Tactics	CATEGORY:Spheres Feat Adjudication	COST:0	DESC:Manual prerequisite approval only; does not grant the feat or its effects. Verify: War sphere, Squadron Commander; or Warleader sphere, Troop Commander
Reviewed - Secrets of the Land	CATEGORY:Spheres Feat Adjudication	COST:0	DESC:Manual prerequisite approval only; does not grant the feat or its effects. Verify: Area Casting drawback
Reviewed - Sectioned Theurgy	CATEGORY:Spheres Feat Adjudication	COST:0	DESC:Manual prerequisite approval only; does not grant the feat or its effects. Verify: method acting or lesser spirit power class feature
Reviewed - Selective Admixture	CATEGORY:Spheres Feat Adjudication	COST:0	DESC:Manual prerequisite approval only; does not grant the feat or its effects. Verify: any one Admixture feat
Reviewed - Seraphic Glow	CATEGORY:Spheres Feat Adjudication	COST:0	DESC:Manual prerequisite approval only; does not grant the feat or its effects. Verify: good alignment
Reviewed - Shadow Doppelganger	CATEGORY:Spheres Feat Adjudication	COST:0	DESC:Manual prerequisite approval only; does not grant the feat or its effects. Verify: Illusion sphere [Illusionary Disguise ability]
Reviewed - Shadow Magic	CATEGORY:Spheres Feat Adjudication	COST:0	DESC:Manual prerequisite approval only; does not grant the feat or its effects. Verify: Illusion sphere [Shadow Infusion] or shadow pool
Reviewed - Shadowblast	CATEGORY:Spheres Feat Adjudication	COST:0	DESC:Manual prerequisite approval only; does not grant the feat or its effects. Verify: Shadowmark class feature
Reviewed - Shape Expert	CATEGORY:Spheres Feat Adjudication	COST:0	DESC:Manual prerequisite approval only; does not grant the feat or its effects. Verify: Destruction sphere [Energy Wall [blast shape] or Explosive Orb [blast shape]]
Reviewed - Shield Drone	CATEGORY:Spheres Feat Adjudication	COST:0	DESC:Manual prerequisite approval only; does not grant the feat or its effects. Verify: Drone
Reviewed - Shielded Formation	CATEGORY:Spheres Feat Adjudication	COST:0	DESC:Manual prerequisite approval only; does not grant the feat or its effects. Verify: War sphere, Squadron Commander; or Warleader sphere, Troop Commander
Reviewed - Shift Cost	CATEGORY:Spheres Feat Adjudication	COST:0	DESC:Manual prerequisite approval only; does not grant the feat or its effects. Verify: Spell point pool
Reviewed - Shift Effect	CATEGORY:Spheres Feat Adjudication	COST:0	DESC:Manual prerequisite approval only; does not grant the feat or its effects. Verify: Spell point pool or casting class feature
Reviewed - Shifting Style	CATEGORY:Spheres Feat Adjudication	COST:0	DESC:Manual prerequisite approval only; does not grant the feat or its effects. Verify: customized weapons class feature
Reviewed - Shoulder To Shoulder	CATEGORY:Spheres Feat Adjudication	COST:0	DESC:Manual prerequisite approval only; does not grant the feat or its effects. Verify: Grit; luck pool or panache class feature
Reviewed - Siege Engineer	CATEGORY:Spheres Feat Adjudication	COST:0	DESC:Manual prerequisite approval only; does not grant the feat or its effects. Verify: Proficiency with at least 1 siege engine
Reviewed - Skeletal Contortionist	CATEGORY:Spheres Feat Adjudication	COST:0	DESC:Manual prerequisite approval only; does not grant the feat or its effects. Verify: charmed life class feature
Reviewed - Skillful Force	CATEGORY:Spheres Feat Adjudication	COST:0	DESC:Manual prerequisite approval only; does not grant the feat or its effects. Verify: Telekinesis sphere [Finesse, Steal, or Telekinetic Tools]
Reviewed - Smolder Resin	CATEGORY:Spheres Feat Adjudication	COST:0	DESC:Manual prerequisite approval only; does not grant the feat or its effects. Verify: Nature sphere [[fire] package and [plant] package]
Reviewed - So Close Yet So Far	CATEGORY:Spheres Feat Adjudication	COST:0	DESC:Manual prerequisite approval only; does not grant the feat or its effects. Verify: Kismet pool.
Reviewed - Sojourner	CATEGORY:Spheres Feat Adjudication	COST:0	DESC:Manual prerequisite approval only; does not grant the feat or its effects. Verify: Perform [dance] 3 ranks; Performance sphere [[dance] package]
Reviewed - Solid Illusions	CATEGORY:Spheres Feat Adjudication	COST:0	DESC:Manual prerequisite approval only; does not grant the feat or its effects. Verify: Illusion sphere [Illusionary Touch [sensory, touch] x2]
Reviewed - Solipsistic Admixture	CATEGORY:Spheres Feat Adjudication	COST:0	DESC:Manual prerequisite approval only; does not grant the feat or its effects. Verify: any one Admixture feat
Reviewed - Solitary Incantation	CATEGORY:Spheres Feat Adjudication	COST:0	DESC:Manual prerequisite approval only; does not grant the feat or its effects. Verify: 5 ranks in any 1 skill
Reviewed - Soul Harvester	CATEGORY:Spheres Feat Adjudication	COST:0	DESC:Manual prerequisite approval only; does not grant the feat or its effects. Verify: Charged Spells drawback
Reviewed - Soul-Scorching Blast	CATEGORY:Spheres Feat Adjudication	COST:0	DESC:Manual prerequisite approval only; does not grant the feat or its effects. Verify: Destruction sphere [Paradigm Blast [blast type] or Smiting Blast [blast type]]
Reviewed - Spatial Storage	CATEGORY:Spheres Feat Adjudication	COST:0	DESC:Manual prerequisite approval only; does not grant the feat or its effects. Verify: Artifice sphere [Storage Enhancement]
Reviewed - Specialist Defiler	CATEGORY:Spheres Feat Adjudication	COST:0	DESC:Manual prerequisite approval only; does not grant the feat or its effects. Verify: Terrain Casting drawback; non-good alignment
Reviewed - Spell Adept	CATEGORY:Spheres Feat Adjudication	COST:0	DESC:Manual prerequisite approval only; does not grant the feat or its effects. Verify: spherecaster
Reviewed - Spell Attack	CATEGORY:Spheres Feat Adjudication	COST:0	DESC:Manual prerequisite approval only; does not grant the feat or its effects. Verify: any talent with the strike descriptor
Reviewed - Spell Attack Whirlwind	CATEGORY:Spheres Feat Adjudication	COST:0	DESC:Manual prerequisite approval only; does not grant the feat or its effects. Verify: Whirlwind Attack feat or Whirl of Blows mystic combat; any talent with the strike descriptor
Reviewed - Spell Capacitor Agenda	CATEGORY:Spheres Feat Adjudication	COST:0	DESC:Manual prerequisite approval only; does not grant the feat or its effects. Verify: War Sphere [any momentum talent]; Substantial Magic drawback
Reviewed - Spell Dabbler	CATEGORY:Spheres Feat Adjudication	COST:0	DESC:Manual prerequisite approval only; does not grant the feat or its effects. Verify: Spherecaster
Reviewed - Spell Kicker	CATEGORY:Spheres Feat Adjudication	COST:0	DESC:Manual prerequisite approval only; does not grant the feat or its effects. Verify: Card Casting or Charged Spells drawback
Reviewed - Spell Maneuver	CATEGORY:Spheres Feat Adjudication	COST:0	DESC:Manual prerequisite approval only; does not grant the feat or its effects. Verify: any talent with the strike descriptor
Reviewed - Spell Proxy Extended	CATEGORY:Spheres Feat Adjudication	COST:0	DESC:Manual prerequisite approval only; does not grant the feat or its effects. Verify: at least one Proxy feat
Reviewed - Spellbound Rebuke	CATEGORY:Spheres Feat Adjudication	COST:0	DESC:Manual prerequisite approval only; does not grant the feat or its effects. Verify: Substantial Magic drawback
Reviewed - Spellburn Defiling	CATEGORY:Spheres Feat Adjudication	COST:0	DESC:Manual prerequisite approval only; does not grant the feat or its effects. Verify: Terrain Casting drawback
Reviewed - Spells to Life	CATEGORY:Spheres Feat Adjudication	COST:0	DESC:Manual prerequisite approval only; does not grant the feat or its effects. Verify: Substantial Magic
Reviewed - Sphere Virtuoso	CATEGORY:Spheres Feat Adjudication	COST:0	DESC:Manual prerequisite approval only; does not grant the feat or its effects. Verify: two or more talents from any sphere that both have the instill; mass; range or strike descriptors
Reviewed - Spirit Form	CATEGORY:Spheres Feat Adjudication	COST:0	DESC:Manual prerequisite approval only; does not grant the feat or its effects. Verify: Nature sphere [any [spirit] talent]
Reviewed - Spiteful End	CATEGORY:Spheres Feat Adjudication	COST:0	DESC:Manual prerequisite approval only; does not grant the feat or its effects. Verify: Death or Fate sphere
Reviewed - Squad Triangulation	CATEGORY:Spheres Feat Adjudication	COST:0	DESC:Manual prerequisite approval only; does not grant the feat or its effects. Verify: War sphere, Squadron Commander; or Warleader sphere, Troop Commander
Reviewed - Squadron Network	CATEGORY:Spheres Feat Adjudication	COST:0	DESC:Manual prerequisite approval only; does not grant the feat or its effects. Verify: War sphere, Squadron Commander; or Warleader sphere, Troop Commander; character level 10th
Reviewed - Steam Geomancing	CATEGORY:Spheres Feat Adjudication	COST:0	DESC:Manual prerequisite approval only; does not grant the feat or its effects. Verify: Nature sphere [[fire] package and [water] package]
Reviewed - Steel Skeleton	CATEGORY:Spheres Feat Adjudication	COST:0	DESC:Manual prerequisite approval only; does not grant the feat or its effects. Verify: Construct type or subtype
Reviewed - Strategic Terrain	CATEGORY:Spheres Feat Adjudication	COST:0	DESC:Manual prerequisite approval only; does not grant the feat or its effects. Verify: Survivalism sphere [[dredge] package]
Reviewed - Strengthened Arms	CATEGORY:Spheres Feat Adjudication	COST:0	DESC:Manual prerequisite approval only; does not grant the feat or its effects. Verify: Secondary arms racial trait
Reviewed - Striking Ensnarement	CATEGORY:Spheres Feat Adjudication	COST:0	DESC:Manual prerequisite approval only; does not grant the feat or its effects. Verify: Constrict, engulf, swallow whole, troop attack, or swarm attack; any one strike talent
Reviewed - Studied Healing	CATEGORY:Spheres Feat Adjudication	COST:0	DESC:Manual prerequisite approval only; does not grant the feat or its effects. Verify: Heal 1 rank
Reviewed - Studied Scout	CATEGORY:Spheres Feat Adjudication	COST:0	DESC:Manual prerequisite approval only; does not grant the feat or its effects. Verify: studied target or studied combat class feature
Reviewed - Style Synthesis	CATEGORY:Spheres Feat Adjudication	COST:0	DESC:Manual prerequisite approval only; does not grant the feat or its effects. Verify: Any [stance] talent; any style feat
Reviewed - Succor	CATEGORY:Spheres Feat Adjudication	COST:0	DESC:Manual prerequisite approval only; does not grant the feat or its effects. Verify: lay on hands class feature
Reviewed - Suffer By Proxy	CATEGORY:Spheres Feat Adjudication	COST:0	DESC:Manual prerequisite approval only; does not grant the feat or its effects. Verify: Draining Casting drawback
Reviewed - Suffused Blasts	CATEGORY:Spheres Feat Adjudication	COST:0	DESC:Manual prerequisite approval only; does not grant the feat or its effects. Verify: Destruction sphere [Paradigm Blast [blast type] or Smiting Blast [blast type]]
Reviewed - Superior Rebuff	CATEGORY:Spheres Feat Adjudication	COST:0	DESC:Manual prerequisite approval only; does not grant the feat or its effects. Verify: improved evasion class feature
Reviewed - Surefire Coordination	CATEGORY:Spheres Feat Adjudication	COST:0	DESC:Manual prerequisite approval only; does not grant the feat or its effects. Verify: Knowledge of at least one technique
Reviewed - Surgeon’s Trade Secrets	CATEGORY:Spheres Feat Adjudication	COST:0	DESC:Manual prerequisite approval only; does not grant the feat or its effects. Verify: Heal 1 rank
Reviewed - Surreinforcement	CATEGORY:Spheres Feat Adjudication	COST:0	DESC:Manual prerequisite approval only; does not grant the feat or its effects. Verify: Illusion sphere [Shadow Infusion] or create reality class feature
Reviewed - Surrender of the Self	CATEGORY:Spheres Feat Adjudication	COST:0	DESC:Manual prerequisite approval only; does not grant the feat or its effects. Verify: Unsettling Casting drawback
Reviewed - Swarming Strike	CATEGORY:Spheres Feat Adjudication	COST:0	DESC:Manual prerequisite approval only; does not grant the feat or its effects. Verify: Coordination class feature; psionics class feature
Reviewed - Tactical Ensign	CATEGORY:Spheres Feat Adjudication	COST:0	DESC:Manual prerequisite approval only; does not grant the feat or its effects. Verify: banner class feature
Reviewed - Tactical Hypothesis	CATEGORY:Spheres Feat Adjudication	COST:0	DESC:Manual prerequisite approval only; does not grant the feat or its effects. Verify: Study sphere
Reviewed - Tactical Proxies	CATEGORY:Spheres Feat Adjudication	COST:0	DESC:Manual prerequisite approval only; does not grant the feat or its effects. Verify: any one teamwork feat
Reviewed - Tactile Density	CATEGORY:Spheres Feat Adjudication	COST:0	DESC:Manual prerequisite approval only; does not grant the feat or its effects. Verify: Draconic subtype
Reviewed - Tactile Illusion	CATEGORY:Spheres Feat Adjudication	COST:0	DESC:Manual prerequisite approval only; does not grant the feat or its effects. Verify: Illusion sphere [Illusionary Touch [sensory, touch] x2]
Reviewed - Tainted Manabond	CATEGORY:Spheres Feat Adjudication	COST:0	DESC:Manual prerequisite approval only; does not grant the feat or its effects. Verify: forbidden lore class feature
Reviewed - Talented Leaper	CATEGORY:Spheres Feat Adjudication	COST:0	DESC:Manual prerequisite approval only; does not grant the feat or its effects. Verify: Cherufe subtype
Reviewed - Target Spotting	CATEGORY:Spheres Feat Adjudication	COST:0	DESC:Manual prerequisite approval only; does not grant the feat or its effects. Verify: favored enemy class feature
Reviewed - Technical Compatibility	CATEGORY:Spheres Feat Adjudication	COST:0	DESC:Manual prerequisite approval only; does not grant the feat or its effects. Verify: Independent Invention; Drone
Reviewed - Technologically Alchemical Ammo	CATEGORY:Spheres Feat Adjudication	COST:0	DESC:Manual prerequisite approval only; does not grant the feat or its effects. Verify: Ammo Spitter; Alchemy sphere [formulae] package
Reviewed - Telekineticat	CATEGORY:Spheres Feat Adjudication	COST:0	DESC:Manual prerequisite approval only; does not grant the feat or its effects. Verify: Mind sphere or Enhancement sphere [Bestow Intelligence [enhance]]
Reviewed - Tenacity	CATEGORY:Spheres Feat Adjudication	COST:0	DESC:Manual prerequisite approval only; does not grant the feat or its effects. Verify: Judgment class ability
Reviewed - Tentacle Adept	CATEGORY:Spheres Feat Adjudication	COST:0	DESC:Manual prerequisite approval only; does not grant the feat or its effects. Verify: Base attack bonus +5 or monk 3
Reviewed - Tentacle Novice	CATEGORY:Spheres Feat Adjudication	COST:0	DESC:Manual prerequisite approval only; does not grant the feat or its effects. Verify: Two or more tentacles; base attack bonus +2 or monk 1
Reviewed - Terminating Conversion	CATEGORY:Spheres Feat Adjudication	COST:0	DESC:Manual prerequisite approval only; does not grant the feat or its effects. Verify: At least one metamagic feat
Reviewed - Terrain Defiler	CATEGORY:Spheres Feat Adjudication	COST:0	DESC:Manual prerequisite approval only; does not grant the feat or its effects. Verify: Terrain Casting drawback; non-good alignment
Reviewed - Terrain Focus	CATEGORY:Spheres Feat Adjudication	COST:0	DESC:Manual prerequisite approval only; does not grant the feat or its effects. Verify: Terrain Casting drawback
Reviewed - Theatrical Effects	CATEGORY:Spheres Feat Adjudication	COST:0	DESC:Manual prerequisite approval only; does not grant the feat or its effects. Verify: Performance sphere [[act] package]
Reviewed - Theorized Momentum	CATEGORY:Spheres Feat Adjudication	COST:0	DESC:Manual prerequisite approval only; does not grant the feat or its effects. Verify: Study Sphere
Reviewed - Theurgic Advantage	CATEGORY:Spheres Feat Adjudication	COST:0	DESC:Manual prerequisite approval only; does not grant the feat or its effects. Verify: Caster level 1st or higher with at least two casting traditions
Reviewed - Theurgic Virtuoso	CATEGORY:Spheres Feat Adjudication	COST:0	DESC:Manual prerequisite approval only; does not grant the feat or its effects. Verify: Caster level 1st or higher with at least two casting traditions
Reviewed - Thoughtbond	CATEGORY:Spheres Feat Adjudication	COST:0	DESC:Manual prerequisite approval only; does not grant the feat or its effects. Verify: Bonded Casting
Reviewed - Through The Long Night	CATEGORY:Spheres Feat Adjudication	COST:0	DESC:Manual prerequisite approval only; does not grant the feat or its effects. Verify: ability to gain martial focus; good alignment
Reviewed - Thrum Of Rain	CATEGORY:Spheres Feat Adjudication	COST:0	DESC:Manual prerequisite approval only; does not grant the feat or its effects. Verify: bardic performance or raging song class feature
Reviewed - Time-Crossed Plots	CATEGORY:Spheres Feat Adjudication	COST:0	DESC:Manual prerequisite approval only; does not grant the feat or its effects. Verify: Divination or Time sphere; any one [plan] talent
Reviewed - Tool Transformation	CATEGORY:Spheres Feat Adjudication	COST:0	DESC:Manual prerequisite approval only; does not grant the feat or its effects. Verify: Alteration Sphere [Object Transformation], one of Artifice, Survivalism, or Trap Spheres
Reviewed - Tornado Companion	CATEGORY:Spheres Feat Adjudication	COST:0	DESC:Manual prerequisite approval only; does not grant the feat or its effects. Verify: animal companion with an effective druid level of 7
Reviewed - Totemic Channeling	CATEGORY:Spheres Feat Adjudication	COST:0	DESC:Manual prerequisite approval only; does not grant the feat or its effects. Verify: channel energy class feature
Reviewed - Totemic Stamina	CATEGORY:Spheres Feat Adjudication	COST:0	DESC:Manual prerequisite approval only; does not grant the feat or its effects. Verify: Combat Stamina
Reviewed - Tough As Nails	CATEGORY:Spheres Feat Adjudication	COST:0	DESC:Manual prerequisite approval only; does not grant the feat or its effects. Verify: Grit, luck, or panache pool
Reviewed - Toxic Webs	CATEGORY:Spheres Feat Adjudication	COST:0	DESC:Manual prerequisite approval only; does not grant the feat or its effects. Verify: Alteration sphere [Vermin Transformation [transformation]] or web bestial trait; poison bestial trait or racial poison ability
Reviewed - Trailblazer	CATEGORY:Spheres Feat Adjudication	COST:0	DESC:Manual prerequisite approval only; does not grant the feat or its effects. Verify: Navigation sphere
Reviewed - Treat Injury	CATEGORY:Spheres Feat Adjudication	COST:0	DESC:Manual prerequisite approval only; does not grant the feat or its effects. Verify: Heal 1 rank
Reviewed - Triage	CATEGORY:Spheres Feat Adjudication	COST:0	DESC:Manual prerequisite approval only; does not grant the feat or its effects. Verify: Heal 1 rank; casting class feature or ki pool class feature
Reviewed - Tribal Rhythm	CATEGORY:Spheres Feat Adjudication	COST:0	DESC:Manual prerequisite approval only; does not grant the feat or its effects. Verify: bardic performance or raging song class feature
Reviewed - True Rage	CATEGORY:Spheres Feat Adjudication	COST:0	DESC:Manual prerequisite approval only; does not grant the feat or its effects. Verify: Berserker sphere [any [adrenaline] talent]
Reviewed - Twisted Reanimation	CATEGORY:Spheres Feat Adjudication	COST:0	DESC:Manual prerequisite approval only; does not grant the feat or its effects. Verify: Alteration sphere [Undead Body], Death sphere; or Alteration sphere, Death sphere [Corpse Manipulation]
Reviewed - Two Minds	CATEGORY:Spheres Feat Adjudication	COST:0	DESC:Manual prerequisite approval only; does not grant the feat or its effects. Verify: Alteration sphere [Additional Limbs] or multiple heads
Reviewed - Two-Headed Adept	CATEGORY:Spheres Feat Adjudication	COST:0	DESC:Manual prerequisite approval only; does not grant the feat or its effects. Verify: Alteration sphere [Additional Limbs] or multiple heads
Reviewed - Two-Headed Sight	CATEGORY:Spheres Feat Adjudication	COST:0	DESC:Manual prerequisite approval only; does not grant the feat or its effects. Verify: Alteration sphere [Additional Limbs] or multiple heads
Reviewed - Ultimate Form	CATEGORY:Spheres Feat Adjudication	COST:0	DESC:Manual prerequisite approval only; does not grant the feat or its effects. Verify: Alteration sphere or Transformation feat
Reviewed - Undead Animal Companion	CATEGORY:Spheres Feat Adjudication	COST:0	DESC:Manual prerequisite approval only; does not grant the feat or its effects. Verify: animal companion or mount class feature
Reviewed - Understand Thy Enemy	CATEGORY:Spheres Feat Adjudication	COST:0	DESC:Manual prerequisite approval only; does not grant the feat or its effects. Verify: Fencing sphere [Read Foe, Parry And Riposte] or Fencing sphere [Read Foe] and opportune parry and riposte deed
Reviewed - Unerring Eye	CATEGORY:Spheres Feat Adjudication	COST:0	DESC:Manual prerequisite approval only; does not grant the feat or its effects. Verify: Sense Motive ranks 3; Investigation sphere; either the Divination sphere or Scout sphere
Reviewed - Unified Focus	CATEGORY:Spheres Feat Adjudication	COST:0	DESC:Manual prerequisite approval only; does not grant the feat or its effects. Verify: ability to gain martial focus
Reviewed - Unique Creative Strike	CATEGORY:Spheres Feat Adjudication	COST:0	DESC:Manual prerequisite approval only; does not grant the feat or its effects. Verify: Creative strike class feature
Reviewed - Universal Bonding	CATEGORY:Spheres Feat Adjudication	COST:0	DESC:Manual prerequisite approval only; does not grant the feat or its effects. Verify: Life sphere [Diagnose] or Mind sphere [Project Thoughts]
Reviewed - Unliving Chemister	CATEGORY:Spheres Feat Adjudication	COST:0	DESC:Manual prerequisite approval only; does not grant the feat or its effects. Verify: Craft [alchemy] 3 ranks
Reviewed - Unlocked Power	CATEGORY:Spheres Feat Adjudication	COST:0	DESC:Manual prerequisite approval only; does not grant the feat or its effects. Verify: Ramp Up
Reviewed - Unnatural Company	CATEGORY:Spheres Feat Adjudication	COST:0	DESC:Manual prerequisite approval only; does not grant the feat or its effects. Verify: Coy Caster
Reviewed - Unreasonable Coordination	CATEGORY:Spheres Feat Adjudication	COST:0	DESC:Manual prerequisite approval only; does not grant the feat or its effects. Verify: Three or more arms; Dexterity 13
Reviewed - Unveiling Admixture	CATEGORY:Spheres Feat Adjudication	COST:0	DESC:Manual prerequisite approval only; does not grant the feat or its effects. Verify: Divination Sphere [Sensory Overload or Viewing]
Reviewed - Variable Armaments	CATEGORY:Spheres Feat Adjudication	COST:0	DESC:Manual prerequisite approval only; does not grant the feat or its effects. Verify: Conjuration sphere [Battle Creature [form] or Shield Bearer [form]]; companion with 6 or more Hit Dice
Reviewed - Vegetalker	CATEGORY:Spheres Feat Adjudication	COST:0	DESC:Manual prerequisite approval only; does not grant the feat or its effects. Verify: Plant type or subtype
Reviewed - Venom Spitter	CATEGORY:Spheres Feat Adjudication	COST:0	DESC:Manual prerequisite approval only; does not grant the feat or its effects. Verify: Alteration sphere [Serpentine Transformation [transformation] or Vermin Transformation [transformation]], poison bestial trait, or racial poison ability
Reviewed - Venomfire	CATEGORY:Spheres Feat Adjudication	COST:0	DESC:Manual prerequisite approval only; does not grant the feat or its effects. Verify: Alchemy sphere [Painful Venin x2]
Reviewed - Venomous Blood	CATEGORY:Spheres Feat Adjudication	COST:0	DESC:Manual prerequisite approval only; does not grant the feat or its effects. Verify: Conjuration sphere [Monstrous Attacks [form] with poison option]
Reviewed - Venomous Focus	CATEGORY:Spheres Feat Adjudication	COST:0	DESC:Manual prerequisite approval only; does not grant the feat or its effects. Verify: Conjuration sphere [Monstrous Attacks [form] with poison option]
Reviewed - Venomous Ichor	CATEGORY:Spheres Feat Adjudication	COST:0	DESC:Manual prerequisite approval only; does not grant the feat or its effects. Verify: Alteration sphere [Serpentine Transformation [transformation] or Vermin Transformation [transformation]], poison bestial trait, or racial poison ability
Reviewed - Venomous Soul	CATEGORY:Spheres Feat Adjudication	COST:0	DESC:Manual prerequisite approval only; does not grant the feat or its effects. Verify: Alteration sphere [Serpentine Transformation [transformation] or Vermin Transformation [transformation]], poison bestial trait, or racial poison ability
Reviewed - Venomous Spit	CATEGORY:Spheres Feat Adjudication	COST:0	DESC:Manual prerequisite approval only; does not grant the feat or its effects. Verify: Conjuration sphere [Monstrous Attacks [form] with poison option]
Reviewed - Vermin Master	CATEGORY:Spheres Feat Adjudication	COST:0	DESC:Manual prerequisite approval only; does not grant the feat or its effects. Verify: able to tame creatures of the vermin type
Reviewed - Vicious Performer	CATEGORY:Spheres Feat Adjudication	COST:0	DESC:Manual prerequisite approval only; does not grant the feat or its effects. Verify: Performance sphere; either the Gladiator sphere or War sphere
Reviewed - Vigilant Command	CATEGORY:Spheres Feat Adjudication	COST:0	DESC:Manual prerequisite approval only; does not grant the feat or its effects. Verify: War sphere, Squadron Commander; or Warleader sphere, Troop Commander
Reviewed - Vigilant Skeptic	CATEGORY:Spheres Feat Adjudication	COST:0	DESC:Manual prerequisite approval only; does not grant the feat or its effects. Verify: Perception 5 ranks and Sense Motive 5 ranks; or Alertness
Reviewed - Vined Limbs	CATEGORY:Spheres Feat Adjudication	COST:0	DESC:Manual prerequisite approval only; does not grant the feat or its effects. Verify: Draide alraun
Reviewed - Violent Shadow	CATEGORY:Spheres Feat Adjudication	COST:0	DESC:Manual prerequisite approval only; does not grant the feat or its effects. Verify: Shadowmark 3d6; shadow pool
Reviewed - Virulent Ailment	CATEGORY:Spheres Feat Adjudication	COST:0	DESC:Manual prerequisite approval only; does not grant the feat or its effects. Verify: Blood sphere and 5th caster level; or Death sphere and 5th caster level; or Duelist sphere and base attack bonus +5; or Alchemy sphere and base attack bonus +5
Reviewed - Vital Magic	CATEGORY:Spheres Feat Adjudication	COST:0	DESC:Manual prerequisite approval only; does not grant the feat or its effects. Verify: Fervor or lay on hands class feature
Reviewed - Vitalized Fervency	CATEGORY:Spheres Feat Adjudication	COST:0	DESC:Manual prerequisite approval only; does not grant the feat or its effects. Verify: Life Sphere [any [Vitality] talent]; ability to gain martial focus or use skill leverage
Reviewed - Vudu	CATEGORY:Spheres Feat Adjudication	COST:0	DESC:Manual prerequisite approval only; does not grant the feat or its effects. Verify: Illusion sphere [Illusionary Touch [sensory, touch] x2, Illusionary Disguise ability]
Reviewed - War on Reality	CATEGORY:Spheres Feat Adjudication	COST:0	DESC:Manual prerequisite approval only; does not grant the feat or its effects. Verify: Unsettling Casting
Reviewed - Warlord Of The Damned	CATEGORY:Spheres Feat Adjudication	COST:0	DESC:Manual prerequisite approval only; does not grant the feat or its effects. Verify: Death sphere [Master’s Presence], War sphere; or Death sphere, War sphere [Hallowed/Unhallowed Totem [totem]]
Reviewed - Warrior-Disciple	CATEGORY:Spheres Feat Adjudication	COST:0	DESC:Manual prerequisite approval only; does not grant the feat or its effects. Verify: Base attack bonus +3; ability to cast 2nd-level spells, manifest 2nd-level powers, or spherecaster level 3rd
Reviewed - Web Mastery	CATEGORY:Spheres Feat Adjudication	COST:0	DESC:Manual prerequisite approval only; does not grant the feat or its effects. Verify: Alteration sphere [Vermin Transformation [transformation]] or web bestial trait
Reviewed - Whispers From Beyond	CATEGORY:Spheres Feat Adjudication	COST:0	DESC:Manual prerequisite approval only; does not grant the feat or its effects. Verify: Unsettling Casting
Reviewed - Whole-Set Blast	CATEGORY:Spheres Feat Adjudication	COST:0	DESC:Manual prerequisite approval only; does not grant the feat or its effects. Verify: Destruction Sphere [Conflagrant Cluster]
Reviewed - Wild Casting	CATEGORY:Spheres Feat Adjudication	COST:0	DESC:Manual prerequisite approval only; does not grant the feat or its effects. Verify: Somatic Casting drawback or Verbal Casting drawback
Reviewed - Winded By Words	CATEGORY:Spheres Feat Adjudication	COST:0	DESC:Manual prerequisite approval only; does not grant the feat or its effects. Verify: Bluster sphere; ability to gain martial focus
Reviewed - Wishbound Casting	CATEGORY:Spheres Feat Adjudication	COST:0	DESC:Manual prerequisite approval only; does not grant the feat or its effects. Verify: Extended Casting [drawback]; Verbal Casting [drawback]
Reviewed - Witch Hunt	CATEGORY:Spheres Feat Adjudication	COST:0	DESC:Manual prerequisite approval only; does not grant the feat or its effects. Verify: judgment class feature
Reviewed - World In Miniature	CATEGORY:Spheres Feat Adjudication	COST:0	DESC:Manual prerequisite approval only; does not grant the feat or its effects. Verify: Warp sphere [Extradimensional Room [space] or Extradimensional Storage [space]]
Reviewed - Zodiac Tattoos	CATEGORY:Spheres Feat Adjudication	COST:0	DESC:Manual prerequisite approval only; does not grant the feat or its effects. Verify: Craft [tattoos] 5 ranks; Unarmored Training or AC Bonus class feature
